qid,docId,precision,recall
1,28,0.016286645,0.108695652
1,35,0.016286645,0.108695652
1,38,0.016286645,0.108695652
1,42,0.016286645,0.108695652
1,43,0.016286645,0.108695652
1,52,0.016286645,0.108695652
1,65,0.016286645,0.108695652
1,76,0.016286645,0.108695652
1,86,0.016286645,0.108695652
1,150,0.016286645,0.108695652
1,189,0.016286645,0.108695652
1,192,0.016286645,0.108695652
1,193,0.016286645,0.108695652
1,195,0.016286645,0.108695652
1,215,0.016286645,0.108695652
1,269,0.016286645,0.108695652
1,291,0.016286645,0.108695652
1,320,0.016286645,0.108695652
1,429,0.016286645,0.108695652
1,465,0.016286645,0.108695652
1,466,0.016286645,0.108695652
1,482,0.016286645,0.108695652
1,483,0.016286645,0.108695652
1,510,0.016286645,0.108695652
1,524,0.016286645,0.108695652
1,541,0.016286645,0.108695652
1,576,0.016286645,0.108695652
1,582,0.016286645,0.108695652
1,589,0.016286645,0.108695652
1,603,0.016286645,0.108695652
1,650,0.016286645,0.108695652
1,680,0.016286645,0.108695652
1,711,0.016286645,0.108695652
1,722,0.016286645,0.108695652
1,726,0.016286645,0.108695652
1,783,0.016286645,0.108695652
1,813,0.016286645,0.108695652
1,820,0.016286645,0.108695652
1,868,0.016286645,0.108695652
1,869,0.016286645,0.108695652
1,894,0.016286645,0.108695652
1,1162,0.016286645,0.108695652
1,1164,0.016286645,0.108695652
1,1195,0.016286645,0.108695652
1,1196,0.016286645,0.108695652
1,1281,0.016286645,0.108695652
2,29,0.076923077,0.692307692
2,68,0.076923077,0.692307692
2,197,0.076923077,0.692307692
2,213,0.076923077,0.692307692
2,214,0.076923077,0.692307692
2,309,0.076923077,0.692307692
2,319,0.076923077,0.692307692
2,324,0.076923077,0.692307692
2,429,0.076923077,0.692307692
2,499,0.076923077,0.692307692
2,636,0.076923077,0.692307692
2,669,0.076923077,0.692307692
2,670,0.076923077,0.692307692
2,674,0.076923077,0.692307692
2,690,0.076923077,0.692307692
2,692,0.076923077,0.692307692
2,695,0.076923077,0.692307692
2,700,0.076923077,0.692307692
2,704,0.076923077,0.692307692
2,709,0.076923077,0.692307692
2,720,0.076923077,0.692307692
2,731,0.076923077,0.692307692
2,733,0.076923077,0.692307692
2,738,0.076923077,0.692307692
2,740,0.076923077,0.692307692
2,1136,0.076923077,0.692307692
3,60,0.174825175,0.568181818
3,85,0.174825175,0.568181818
3,114,0.174825175,0.568181818
3,123,0.174825175,0.568181818
3,126,0.174825175,0.568181818
3,131,0.174825175,0.568181818
3,133,0.174825175,0.568181818
3,136,0.174825175,0.568181818
3,138,0.174825175,0.568181818
3,140,0.174825175,0.568181818
3,346,0.174825175,0.568181818
3,359,0.174825175,0.568181818
3,363,0.174825175,0.568181818
3,372,0.174825175,0.568181818
3,412,0.174825175,0.568181818
3,445,0.174825175,0.568181818
3,454,0.174825175,0.568181818
3,461,0.174825175,0.568181818
3,463,0.174825175,0.568181818
3,469,0.174825175,0.568181818
3,532,0.174825175,0.568181818
3,537,0.174825175,0.568181818
3,540,0.174825175,0.568181818
3,553,0.174825175,0.568181818
3,554,0.174825175,0.568181818
3,555,0.174825175,0.568181818
3,585,0.174825175,0.568181818
3,590,0.174825175,0.568181818
3,599,0.174825175,0.568181818
3,640,0.174825175,0.568181818
3,660,0.174825175,0.568181818
3,664,0.174825175,0.568181818
3,803,0.174825175,0.568181818
3,901,0.174825175,0.568181818
3,909,0.174825175,0.568181818
3,911,0.174825175,0.568181818
3,1027,0.174825175,0.568181818
3,1053,0.174825175,0.568181818
3,1169,0.174825175,0.568181818
3,1179,0.174825175,0.568181818
3,1181,0.174825175,0.568181818
3,1190,0.174825175,0.568181818
3,1191,0.174825175,0.568181818
3,1326,0.174825175,0.568181818
4,310,0.006514658,0.25
4,315,0.006514658,0.25
4,321,0.006514658,0.25
4,329,0.006514658,0.25
4,332,0.006514658,0.25
4,420,0.006514658,0.25
4,601,0.006514658,0.25
4,980,0.006514658,0.25
5,32,0.027972028,0.166666667
5,56,0.027972028,0.166666667
5,65,0.027972028,0.166666667
5,114,0.027972028,0.166666667
5,124,0.027972028,0.166666667
5,137,0.027972028,0.166666667
5,187,0.027972028,0.166666667
5,188,0.027972028,0.166666667
5,191,0.027972028,0.166666667
5,241,0.027972028,0.166666667
5,339,0.027972028,0.166666667
5,370,0.027972028,0.166666667
5,400,0.027972028,0.166666667
5,451,0.027972028,0.166666667
5,453,0.027972028,0.166666667
5,471,0.027972028,0.166666667
5,525,0.027972028,0.166666667
5,528,0.027972028,0.166666667
5,642,0.027972028,0.166666667
5,648,0.027972028,0.166666667
5,692,0.027972028,0.166666667
5,1035,0.027972028,0.166666667
5,1246,0.027972028,0.166666667
5,1356,0.027972028,0.166666667
6,400,0.003257329,1
7,310,0.017094017,0.5
7,320,0.017094017,0.5
7,332,0.017094017,0.5
7,375,0.017094017,0.5
7,376,0.017094017,0.5
7,645,0.017094017,0.5
7,724,0.017094017,0.5
7,725,0.017094017,0.5
8,37,0.009090909,0.055555556
8,40,0.009090909,0.055555556
8,65,0.009090909,0.055555556
8,507,0.009090909,0.055555556
8,529,0.009090909,0.055555556
8,707,0.009090909,0.055555556
8,760,0.009090909,0.055555556
8,802,0.009090909,0.055555556
8,864,0.009090909,0.055555556
8,900,0.009090909,0.055555556
8,1024,0.009090909,0.055555556
8,1161,0.009090909,0.055555556
8,1225,0.009090909,0.055555556
8,1226,0.009090909,0.055555556
8,1267,0.009090909,0.055555556
8,1382,0.009090909,0.055555556
8,1409,0.009090909,0.055555556
8,1414,0.009090909,0.055555556
9,6,0.02991453,0.205882353
9,174,0.02991453,0.205882353
9,175,0.02991453,0.205882353
9,179,0.02991453,0.205882353
9,212,0.02991453,0.205882353
9,320,0.02991453,0.205882353
9,324,0.02991453,0.205882353
9,329,0.02991453,0.205882353
9,566,0.02991453,0.205882353
9,572,0.02991453,0.205882353
9,577,0.02991453,0.205882353
9,600,0.02991453,0.205882353
9,1077,0.02991453,0.205882353
9,1120,0.02991453,0.205882353
9,1129,0.02991453,0.205882353
9,1130,0.02991453,0.205882353
9,1131,0.02991453,0.205882353
9,1159,0.02991453,0.205882353
9,1161,0.02991453,0.205882353
9,1162,0.02991453,0.205882353
9,1164,0.02991453,0.205882353
9,1165,0.02991453,0.205882353
9,1185,0.02991453,0.205882353
9,1190,0.02991453,0.205882353
9,1191,0.02991453,0.205882353
9,1224,0.02991453,0.205882353
9,1225,0.02991453,0.205882353
9,1267,0.02991453,0.205882353
9,1294,0.02991453,0.205882353
9,1323,0.02991453,0.205882353
9,1327,0.02991453,0.205882353
9,1382,0.02991453,0.205882353
9,1388,0.02991453,0.205882353
9,1427,0.02991453,0.205882353
10,25,0.012820513,0.115384615
10,175,0.012820513,0.115384615
10,228,0.012820513,0.115384615
10,229,0.012820513,0.115384615
10,233,0.012820513,0.115384615
10,277,0.012820513,0.115384615
10,399,0.012820513,0.115384615
10,462,0.012820513,0.115384615
10,536,0.012820513,0.115384615
10,540,0.012820513,0.115384615
10,574,0.012820513,0.115384615
10,605,0.012820513,0.115384615
10,615,0.012820513,0.115384615
10,829,0.012820513,0.115384615
10,972,0.012820513,0.115384615
10,1045,0.012820513,0.115384615
10,1082,0.012820513,0.115384615
10,1116,0.012820513,0.115384615
10,1117,0.012820513,0.115384615
10,1119,0.012820513,0.115384615
10,1123,0.012820513,0.115384615
10,1141,0.012820513,0.115384615
10,1159,0.012820513,0.115384615
10,1173,0.012820513,0.115384615
10,1204,0.012820513,0.115384615
10,1385,0.012820513,0.115384615
11,2,0.314685315,0.354330709
11,15,0.314685315,0.354330709
11,32,0.314685315,0.354330709
11,33,0.314685315,0.354330709
11,37,0.314685315,0.354330709
11,41,0.314685315,0.354330709
11,63,0.314685315,0.354330709
11,67,0.314685315,0.354330709
11,87,0.314685315,0.354330709
11,90,0.314685315,0.354330709
11,95,0.314685315,0.354330709
11,110,0.314685315,0.354330709
11,113,0.314685315,0.354330709
11,116,0.314685315,0.354330709
11,121,0.314685315,0.354330709
11,153,0.314685315,0.354330709
11,160,0.314685315,0.354330709
11,163,0.314685315,0.354330709
11,165,0.314685315,0.354330709
11,166,0.314685315,0.354330709
11,169,0.314685315,0.354330709
11,172,0.314685315,0.354330709
11,199,0.314685315,0.354330709
11,202,0.314685315,0.354330709
11,215,0.314685315,0.354330709
11,219,0.314685315,0.354330709
11,223,0.314685315,0.354330709
11,243,0.314685315,0.354330709
11,252,0.314685315,0.354330709
11,254,0.314685315,0.354330709
11,266,0.314685315,0.354330709
11,309,0.314685315,0.354330709
11,314,0.314685315,0.354330709
11,327,0.314685315,0.354330709
11,345,0.314685315,0.354330709
11,355,0.314685315,0.354330709
11,356,0.314685315,0.354330709
11,360,0.314685315,0.354330709
11,371,0.314685315,0.354330709
11,372,0.314685315,0.354330709
11,373,0.314685315,0.354330709
11,381,0.314685315,0.354330709
11,386,0.314685315,0.354330709
11,391,0.314685315,0.354330709
11,395,0.314685315,0.354330709
11,398,0.314685315,0.354330709
11,415,0.314685315,0.354330709
11,439,0.314685315,0.354330709
11,440,0.314685315,0.354330709
11,453,0.314685315,0.354330709
11,456,0.314685315,0.354330709
11,513,0.314685315,0.354330709
11,533,0.314685315,0.354330709
11,544,0.314685315,0.354330709
11,547,0.314685315,0.354330709
11,560,0.314685315,0.354330709
11,602,0.314685315,0.354330709
11,605,0.314685315,0.354330709
11,656,0.314685315,0.354330709
11,657,0.314685315,0.354330709
11,666,0.314685315,0.354330709
11,714,0.314685315,0.354330709
11,716,0.314685315,0.354330709
11,718,0.314685315,0.354330709
11,719,0.314685315,0.354330709
11,723,0.314685315,0.354330709
11,728,0.314685315,0.354330709
11,731,0.314685315,0.354330709
11,733,0.314685315,0.354330709
11,737,0.314685315,0.354330709
11,738,0.314685315,0.354330709
11,739,0.314685315,0.354330709
11,763,0.314685315,0.354330709
11,771,0.314685315,0.354330709
11,772,0.314685315,0.354330709
11,788,0.314685315,0.354330709
11,789,0.314685315,0.354330709
11,821,0.314685315,0.354330709
11,828,0.314685315,0.354330709
11,837,0.314685315,0.354330709
11,839,0.314685315,0.354330709
11,845,0.314685315,0.354330709
11,899,0.314685315,0.354330709
11,952,0.314685315,0.354330709
11,953,0.314685315,0.354330709
11,965,0.314685315,0.354330709
11,967,0.314685315,0.354330709
11,1080,0.314685315,0.354330709
11,1081,0.314685315,0.354330709
11,1089,0.314685315,0.354330709
11,1094,0.314685315,0.354330709
11,1095,0.314685315,0.354330709
11,1096,0.314685315,0.354330709
11,1098,0.314685315,0.354330709
11,1099,0.314685315,0.354330709
11,1102,0.314685315,0.354330709
11,1110,0.314685315,0.354330709
11,1113,0.314685315,0.354330709
11,1114,0.314685315,0.354330709
11,1121,0.314685315,0.354330709
11,1122,0.314685315,0.354330709
11,1128,0.314685315,0.354330709
11,1151,0.314685315,0.354330709
11,1155,0.314685315,0.354330709
11,1156,0.314685315,0.354330709
11,1158,0.314685315,0.354330709
11,1160,0.314685315,0.354330709
11,1223,0.314685315,0.354330709
11,1228,0.314685315,0.354330709
11,1235,0.314685315,0.354330709
11,1241,0.314685315,0.354330709
11,1254,0.314685315,0.354330709
11,1256,0.314685315,0.354330709
11,1257,0.314685315,0.354330709
11,1264,0.314685315,0.354330709
11,1268,0.314685315,0.354330709
11,1275,0.314685315,0.354330709
11,1284,0.314685315,0.354330709
11,1295,0.314685315,0.354330709
11,1298,0.314685315,0.354330709
11,1303,0.314685315,0.354330709
11,1309,0.314685315,0.354330709
11,1319,0.314685315,0.354330709
11,1373,0.314685315,0.354330709
11,1404,0.314685315,0.354330709
11,1418,0.314685315,0.354330709
11,1446,0.314685315,0.354330709
12,53,0.019047619,0.153846154
12,133,0.019047619,0.153846154
12,136,0.019047619,0.153846154
12,341,0.019047619,0.153846154
12,347,0.019047619,0.153846154
12,376,0.019047619,0.153846154
12,899,0.019047619,0.153846154
12,1190,0.019047619,0.153846154
12,1191,0.019047619,0.153846154
12,1209,0.019047619,0.153846154
12,1290,0.019047619,0.153846154
12,1293,0.019047619,0.153846154
12,1363,0.019047619,0.153846154
13,27,0.192307692,0.494505495
13,28,0.192307692,0.494505495
13,42,0.192307692,0.494505495
13,49,0.192307692,0.494505495
13,50,0.192307692,0.494505495
13,52,0.192307692,0.494505495
13,57,0.192307692,0.494505495
13,59,0.192307692,0.494505495
13,61,0.192307692,0.494505495
13,67,0.192307692,0.494505495
13,72,0.192307692,0.494505495
13,73,0.192307692,0.494505495
13,75,0.192307692,0.494505495
13,77,0.192307692,0.494505495
13,84,0.192307692,0.494505495
13,114,0.192307692,0.494505495
13,120,0.192307692,0.494505495
13,128,0.192307692,0.494505495
13,134,0.192307692,0.494505495
13,137,0.192307692,0.494505495
13,139,0.192307692,0.494505495
13,146,0.192307692,0.494505495
13,153,0.192307692,0.494505495
13,164,0.192307692,0.494505495
13,167,0.192307692,0.494505495
13,175,0.192307692,0.494505495
13,176,0.192307692,0.494505495
13,194,0.192307692,0.494505495
13,198,0.192307692,0.494505495
13,223,0.192307692,0.494505495
13,244,0.192307692,0.494505495
13,266,0.192307692,0.494505495
13,307,0.192307692,0.494505495
13,309,0.192307692,0.494505495
13,311,0.192307692,0.494505495
13,327,0.192307692,0.494505495
13,328,0.192307692,0.494505495
13,347,0.192307692,0.494505495
13,389,0.192307692,0.494505495
13,458,0.192307692,0.494505495
13,474,0.192307692,0.494505495
13,484,0.192307692,0.494505495
13,486,0.192307692,0.494505495
13,493,0.192307692,0.494505495
13,494,0.192307692,0.494505495
13,508,0.192307692,0.494505495
13,509,0.192307692,0.494505495
13,514,0.192307692,0.494505495
13,519,0.192307692,0.494505495
13,523,0.192307692,0.494505495
13,525,0.192307692,0.494505495
13,532,0.192307692,0.494505495
13,538,0.192307692,0.494505495
13,565,0.192307692,0.494505495
13,595,0.192307692,0.494505495
13,596,0.192307692,0.494505495
13,608,0.192307692,0.494505495
13,634,0.192307692,0.494505495
13,646,0.192307692,0.494505495
13,656,0.192307692,0.494505495
13,658,0.192307692,0.494505495
13,659,0.192307692,0.494505495
13,696,0.192307692,0.494505495
13,702,0.192307692,0.494505495
13,705,0.192307692,0.494505495
13,720,0.192307692,0.494505495
13,728,0.192307692,0.494505495
13,731,0.192307692,0.494505495
13,752,0.192307692,0.494505495
13,762,0.192307692,0.494505495
13,780,0.192307692,0.494505495
13,785,0.192307692,0.494505495
13,795,0.192307692,0.494505495
13,806,0.192307692,0.494505495
13,815,0.192307692,0.494505495
13,826,0.192307692,0.494505495
13,827,0.192307692,0.494505495
13,829,0.192307692,0.494505495
13,835,0.192307692,0.494505495
13,956,0.192307692,0.494505495
13,966,0.192307692,0.494505495
13,1054,0.192307692,0.494505495
13,1124,0.192307692,0.494505495
13,1126,0.192307692,0.494505495
13,1127,0.192307692,0.494505495
13,1138,0.192307692,0.494505495
13,1139,0.192307692,0.494505495
13,1143,0.192307692,0.494505495
13,1144,0.192307692,0.494505495
13,1282,0.192307692,0.494505495
13,1307,0.192307692,0.494505495
14,45,0.003257329,0.333333333
14,420,0.003257329,0.333333333
14,890,0.003257329,0.333333333
15,18,0.166666667,0.475609756
15,27,0.166666667,0.475609756
15,36,0.166666667,0.475609756
15,49,0.166666667,0.475609756
15,56,0.166666667,0.475609756
15,59,0.166666667,0.475609756
15,67,0.166666667,0.475609756
15,74,0.166666667,0.475609756
15,83,0.166666667,0.475609756
15,126,0.166666667,0.475609756
15,158,0.166666667,0.475609756
15,164,0.166666667,0.475609756
15,167,0.166666667,0.475609756
15,192,0.166666667,0.475609756
15,214,0.166666667,0.475609756
15,222,0.166666667,0.475609756
15,223,0.166666667,0.475609756
15,250,0.166666667,0.475609756
15,281,0.166666667,0.475609756
15,292,0.166666667,0.475609756
15,295,0.166666667,0.475609756
15,299,0.166666667,0.475609756
15,307,0.166666667,0.475609756
15,331,0.166666667,0.475609756
15,336,0.166666667,0.475609756
15,338,0.166666667,0.475609756
15,348,0.166666667,0.475609756
15,365,0.166666667,0.475609756
15,366,0.166666667,0.475609756
15,367,0.166666667,0.475609756
15,368,0.166666667,0.475609756
15,372,0.166666667,0.475609756
15,381,0.166666667,0.475609756
15,446,0.166666667,0.475609756
15,458,0.166666667,0.475609756
15,465,0.166666667,0.475609756
15,466,0.166666667,0.475609756
15,482,0.166666667,0.475609756
15,490,0.166666667,0.475609756
15,491,0.166666667,0.475609756
15,495,0.166666667,0.475609756
15,497,0.166666667,0.475609756
15,507,0.166666667,0.475609756
15,520,0.166666667,0.475609756
15,528,0.166666667,0.475609756
15,591,0.166666667,0.475609756
15,594,0.166666667,0.475609756
15,623,0.166666667,0.475609756
15,629,0.166666667,0.475609756
15,639,0.166666667,0.475609756
15,690,0.166666667,0.475609756
15,720,0.166666667,0.475609756
15,723,0.166666667,0.475609756
15,724,0.166666667,0.475609756
15,727,0.166666667,0.475609756
15,728,0.166666667,0.475609756
15,731,0.166666667,0.475609756
15,779,0.166666667,0.475609756
15,822,0.166666667,0.475609756
15,834,0.166666667,0.475609756
15,839,0.166666667,0.475609756
15,848,0.166666667,0.475609756
15,849,0.166666667,0.475609756
15,865,0.166666667,0.475609756
15,872,0.166666667,0.475609756
15,897,0.166666667,0.475609756
15,1100,0.166666667,0.475609756
15,1161,0.166666667,0.475609756
15,1248,0.166666667,0.475609756
15,1305,0.166666667,0.475609756
15,1353,0.166666667,0.475609756
15,1358,0.166666667,0.475609756
15,1363,0.166666667,0.475609756
15,1366,0.166666667,0.475609756
15,1368,0.166666667,0.475609756
15,1371,0.166666667,0.475609756
15,1372,0.166666667,0.475609756
15,1374,0.166666667,0.475609756
15,1375,0.166666667,0.475609756
15,1376,0.166666667,0.475609756
15,1377,0.166666667,0.475609756
15,1410,0.166666667,0.475609756
16,123,0.055555556,0.5
16,126,0.055555556,0.5
16,169,0.055555556,0.5
16,197,0.055555556,0.5
16,375,0.055555556,0.5
16,481,0.055555556,0.5
16,497,0.055555556,0.5
16,508,0.055555556,0.5
16,528,0.055555556,0.5
16,529,0.055555556,0.5
16,534,0.055555556,0.5
16,734,0.055555556,0.5
16,854,0.055555556,0.5
16,885,0.055555556,0.5
16,947,0.055555556,0.5
16,997,0.055555556,0.5
16,1011,0.055555556,0.5
16,1013,0.055555556,0.5
16,1073,0.055555556,0.5
16,1121,0.055555556,0.5
16,1146,0.055555556,0.5
16,1171,0.055555556,0.5
16,1193,0.055555556,0.5
16,1198,0.055555556,0.5
16,1207,0.055555556,0.5
16,1366,0.055555556,0.5
17,34,0.022801303,0.269230769
17,53,0.022801303,0.269230769
17,252,0.022801303,0.269230769
17,286,0.022801303,0.269230769
17,375,0.022801303,0.269230769
17,376,0.022801303,0.269230769
17,465,0.022801303,0.269230769
17,467,0.022801303,0.269230769
17,482,0.022801303,0.269230769
17,491,0.022801303,0.269230769
17,507,0.022801303,0.269230769
17,529,0.022801303,0.269230769
17,578,0.022801303,0.269230769
17,582,0.022801303,0.269230769
17,633,0.022801303,0.269230769
17,680,0.022801303,0.269230769
17,721,0.022801303,0.269230769
17,724,0.022801303,0.269230769
17,763,0.022801303,0.269230769
17,1014,0.022801303,0.269230769
17,1057,0.022801303,0.269230769
17,1058,0.022801303,0.269230769
17,1059,0.022801303,0.269230769
17,1060,0.022801303,0.269230769
17,1371,0.022801303,0.269230769
17,1415,0.022801303,0.269230769
18,66,0.006514658,0.181818182
18,80,0.006514658,0.181818182
18,175,0.006514658,0.181818182
18,695,0.006514658,0.181818182
18,709,0.006514658,0.181818182
18,833,0.006514658,0.181818182
18,1026,0.006514658,0.181818182
18,1092,0.006514658,0.181818182
18,1180,0.006514658,0.181818182
18,1292,0.006514658,0.181818182
18,1452,0.006514658,0.181818182
19,26,0.145299145,0.419753086
19,38,0.145299145,0.419753086
19,39,0.145299145,0.419753086
19,62,0.145299145,0.419753086
19,65,0.145299145,0.419753086
19,71,0.145299145,0.419753086
19,77,0.145299145,0.419753086
19,117,0.145299145,0.419753086
19,123,0.145299145,0.419753086
19,159,0.145299145,0.419753086
19,175,0.145299145,0.419753086
19,179,0.145299145,0.419753086
19,320,0.145299145,0.419753086
19,419,0.145299145,0.419753086
19,421,0.145299145,0.419753086
19,422,0.145299145,0.419753086
19,434,0.145299145,0.419753086
19,442,0.145299145,0.419753086
19,479,0.145299145,0.419753086
19,483,0.145299145,0.419753086
19,487,0.145299145,0.419753086
19,488,0.145299145,0.419753086
19,501,0.145299145,0.419753086
19,508,0.145299145,0.419753086
19,511,0.145299145,0.419753086
19,518,0.145299145,0.419753086
19,520,0.145299145,0.419753086
19,521,0.145299145,0.419753086
19,538,0.145299145,0.419753086
19,562,0.145299145,0.419753086
19,570,0.145299145,0.419753086
19,596,0.145299145,0.419753086
19,636,0.145299145,0.419753086
19,641,0.145299145,0.419753086
19,669,0.145299145,0.419753086
19,670,0.145299145,0.419753086
19,671,0.145299145,0.419753086
19,678,0.145299145,0.419753086
19,687,0.145299145,0.419753086
19,689,0.145299145,0.419753086
19,695,0.145299145,0.419753086
19,698,0.145299145,0.419753086
19,699,0.145299145,0.419753086
19,700,0.145299145,0.419753086
19,704,0.145299145,0.419753086
19,706,0.145299145,0.419753086
19,708,0.145299145,0.419753086
19,709,0.145299145,0.419753086
19,714,0.145299145,0.419753086
19,790,0.145299145,0.419753086
19,802,0.145299145,0.419753086
19,810,0.145299145,0.419753086
19,812,0.145299145,0.419753086
19,820,0.145299145,0.419753086
19,835,0.145299145,0.419753086
19,836,0.145299145,0.419753086
19,851,0.145299145,0.419753086
19,855,0.145299145,0.419753086
19,862,0.145299145,0.419753086
19,867,0.145299145,0.419753086
19,868,0.145299145,0.419753086
19,869,0.145299145,0.419753086
19,871,0.145299145,0.419753086
19,875,0.145299145,0.419753086
19,876,0.145299145,0.419753086
19,993,0.145299145,0.419753086
19,1091,0.145299145,0.419753086
19,1120,0.145299145,0.419753086
19,1124,0.145299145,0.419753086
19,1130,0.145299145,0.419753086
19,1134,0.145299145,0.419753086
19,1139,0.145299145,0.419753086
19,1162,0.145299145,0.419753086
19,1164,0.145299145,0.419753086
19,1194,0.145299145,0.419753086
19,1196,0.145299145,0.419753086
19,1199,0.145299145,0.419753086
19,1230,0.145299145,0.419753086
19,1234,0.145299145,0.419753086
19,1411,0.145299145,0.419753086
19,1415,0.145299145,0.419753086
20,27,0.299145299,0.486111111
20,72,0.299145299,0.486111111
20,73,0.299145299,0.486111111
20,75,0.299145299,0.486111111
20,77,0.299145299,0.486111111
20,120,0.299145299,0.486111111
20,128,0.299145299,0.486111111
20,134,0.299145299,0.486111111
20,150,0.299145299,0.486111111
20,175,0.299145299,0.486111111
20,190,0.299145299,0.486111111
20,197,0.299145299,0.486111111
20,224,0.299145299,0.486111111
20,243,0.299145299,0.486111111
20,244,0.299145299,0.486111111
20,287,0.299145299,0.486111111
20,374,0.299145299,0.486111111
20,381,0.299145299,0.486111111
20,382,0.299145299,0.486111111
20,389,0.299145299,0.486111111
20,390,0.299145299,0.486111111
20,424,0.299145299,0.486111111
20,448,0.299145299,0.486111111
20,450,0.299145299,0.486111111
20,458,0.299145299,0.486111111
20,459,0.299145299,0.486111111
20,465,0.299145299,0.486111111
20,466,0.299145299,0.486111111
20,468,0.299145299,0.486111111
20,473,0.299145299,0.486111111
20,474,0.299145299,0.486111111
20,479,0.299145299,0.486111111
20,483,0.299145299,0.486111111
20,484,0.299145299,0.486111111
20,485,0.299145299,0.486111111
20,486,0.299145299,0.486111111
20,487,0.299145299,0.486111111
20,488,0.299145299,0.486111111
20,492,0.299145299,0.486111111
20,493,0.299145299,0.486111111
20,494,0.299145299,0.486111111
20,498,0.299145299,0.486111111
20,504,0.299145299,0.486111111
20,506,0.299145299,0.486111111
20,519,0.299145299,0.486111111
20,526,0.299145299,0.486111111
20,534,0.299145299,0.486111111
20,538,0.299145299,0.486111111
20,547,0.299145299,0.486111111
20,563,0.299145299,0.486111111
20,564,0.299145299,0.486111111
20,565,0.299145299,0.486111111
20,576,0.299145299,0.486111111
20,581,0.299145299,0.486111111
20,586,0.299145299,0.486111111
20,595,0.299145299,0.486111111
20,596,0.299145299,0.486111111
20,608,0.299145299,0.486111111
20,609,0.299145299,0.486111111
20,620,0.299145299,0.486111111
20,625,0.299145299,0.486111111
20,636,0.299145299,0.486111111
20,646,0.299145299,0.486111111
20,696,0.299145299,0.486111111
20,702,0.299145299,0.486111111
20,705,0.299145299,0.486111111
20,720,0.299145299,0.486111111
20,734,0.299145299,0.486111111
20,742,0.299145299,0.486111111
20,754,0.299145299,0.486111111
20,773,0.299145299,0.486111111
20,776,0.299145299,0.486111111
20,780,0.299145299,0.486111111
20,785,0.299145299,0.486111111
20,795,0.299145299,0.486111111
20,801,0.299145299,0.486111111
20,806,0.299145299,0.486111111
20,807,0.299145299,0.486111111
20,809,0.299145299,0.486111111
20,813,0.299145299,0.486111111
20,815,0.299145299,0.486111111
20,817,0.299145299,0.486111111
20,820,0.299145299,0.486111111
20,824,0.299145299,0.486111111
20,826,0.299145299,0.486111111
20,827,0.299145299,0.486111111
20,829,0.299145299,0.486111111
20,835,0.299145299,0.486111111
20,845,0.299145299,0.486111111
20,851,0.299145299,0.486111111
20,852,0.299145299,0.486111111
20,853,0.299145299,0.486111111
20,855,0.299145299,0.486111111
20,858,0.299145299,0.486111111
20,859,0.299145299,0.486111111
20,861,0.299145299,0.486111111
20,863,0.299145299,0.486111111
20,864,0.299145299,0.486111111
20,866,0.299145299,0.486111111
20,870,0.299145299,0.486111111
20,871,0.299145299,0.486111111
20,876,0.299145299,0.486111111
20,894,0.299145299,0.486111111
20,956,0.299145299,0.486111111
20,966,0.299145299,0.486111111
20,986,0.299145299,0.486111111
20,1051,0.299145299,0.486111111
20,1054,0.299145299,0.486111111
20,1089,0.299145299,0.486111111
20,1091,0.299145299,0.486111111
20,1094,0.299145299,0.486111111
20,1104,0.299145299,0.486111111
20,1105,0.299145299,0.486111111
20,1106,0.299145299,0.486111111
20,1124,0.299145299,0.486111111
20,1126,0.299145299,0.486111111
20,1127,0.299145299,0.486111111
20,1132,0.299145299,0.486111111
20,1138,0.299145299,0.486111111
20,1143,0.299145299,0.486111111
20,1162,0.299145299,0.486111111
20,1164,0.299145299,0.486111111
20,1175,0.299145299,0.486111111
20,1196,0.299145299,0.486111111
20,1197,0.299145299,0.486111111
20,1207,0.299145299,0.486111111
20,1230,0.299145299,0.486111111
20,1255,0.299145299,0.486111111
20,1264,0.299145299,0.486111111
20,1281,0.299145299,0.486111111
20,1282,0.299145299,0.486111111
20,1294,0.299145299,0.486111111
20,1307,0.299145299,0.486111111
20,1327,0.299145299,0.486111111
20,1362,0.299145299,0.486111111
20,1363,0.299145299,0.486111111
20,1367,0.299145299,0.486111111
20,1372,0.299145299,0.486111111
20,1377,0.299145299,0.486111111
20,1410,0.299145299,0.486111111
20,1415,0.299145299,0.486111111
20,1419,0.299145299,0.486111111
20,1421,0.299145299,0.486111111
20,1448,0.299145299,0.486111111
21,6,0.013986014,0.08
21,14,0.013986014,0.08
21,22,0.013986014,0.08
21,85,0.013986014,0.08
21,171,0.013986014,0.08
21,185,0.013986014,0.08
21,186,0.013986014,0.08
21,303,0.013986014,0.08
21,339,0.013986014,0.08
21,392,0.013986014,0.08
21,400,0.013986014,0.08
21,453,0.013986014,0.08
21,839,0.013986014,0.08
21,891,0.013986014,0.08
21,896,0.013986014,0.08
21,923,0.013986014,0.08
21,924,0.013986014,0.08
21,949,0.013986014,0.08
21,985,0.013986014,0.08
21,1020,0.013986014,0.08
21,1021,0.013986014,0.08
21,1147,0.013986014,0.08
21,1149,0.013986014,0.08
21,1206,0.013986014,0.08
21,1356,0.013986014,0.08
22,52,0.027972028,0.075471698
22,64,0.027972028,0.075471698
22,65,0.027972028,0.075471698
22,72,0.027972028,0.075471698
22,75,0.027972028,0.075471698
22,133,0.027972028,0.075471698
22,148,0.027972028,0.075471698
22,190,0.027972028,0.075471698
22,191,0.027972028,0.075471698
22,192,0.027972028,0.075471698
22,194,0.027972028,0.075471698
22,197,0.027972028,0.075471698
22,199,0.027972028,0.075471698
22,202,0.027972028,0.075471698
22,211,0.027972028,0.075471698
22,213,0.027972028,0.075471698
22,214,0.027972028,0.075471698
22,218,0.027972028,0.075471698
22,222,0.027972028,0.075471698
22,223,0.027972028,0.075471698
22,224,0.027972028,0.075471698
22,254,0.027972028,0.075471698
22,375,0.027972028,0.075471698
22,382,0.027972028,0.075471698
22,384,0.027972028,0.075471698
22,395,0.027972028,0.075471698
22,410,0.027972028,0.075471698
22,415,0.027972028,0.075471698
22,429,0.027972028,0.075471698
22,452,0.027972028,0.075471698
22,466,0.027972028,0.075471698
22,506,0.027972028,0.075471698
22,513,0.027972028,0.075471698
22,514,0.027972028,0.075471698
22,526,0.027972028,0.075471698
22,547,0.027972028,0.075471698
22,568,0.027972028,0.075471698
22,586,0.027972028,0.075471698
22,588,0.027972028,0.075471698
22,613,0.027972028,0.075471698
22,619,0.027972028,0.075471698
22,620,0.027972028,0.075471698
22,624,0.027972028,0.075471698
22,659,0.027972028,0.075471698
22,790,0.027972028,0.075471698
22,806,0.027972028,0.075471698
22,810,0.027972028,0.075471698
22,828,0.027972028,0.075471698
22,883,0.027972028,0.075471698
22,890,0.027972028,0.075471698
22,986,0.027972028,0.075471698
22,1051,0.027972028,0.075471698
22,1303,0.027972028,0.075471698
23,2,0.156521739,0.375
23,9,0.156521739,0.375
23,11,0.156521739,0.375
23,23,0.156521739,0.375
23,31,0.156521739,0.375
23,36,0.156521739,0.375
23,46,0.156521739,0.375
23,115,0.156521739,0.375
23,183,0.156521739,0.375
23,184,0.156521739,0.375
23,193,0.156521739,0.375
23,201,0.156521739,0.375
23,202,0.156521739,0.375
23,203,0.156521739,0.375
23,204,0.156521739,0.375
23,205,0.156521739,0.375
23,210,0.156521739,0.375
23,234,0.156521739,0.375
23,242,0.156521739,0.375
23,282,0.156521739,0.375
23,290,0.156521739,0.375
23,294,0.156521739,0.375
23,295,0.156521739,0.375
23,323,0.156521739,0.375
23,325,0.156521739,0.375
23,358,0.156521739,0.375
23,364,0.156521739,0.375
23,367,0.156521739,0.375
23,383,0.156521739,0.375
23,394,0.156521739,0.375
23,406,0.156521739,0.375
23,433,0.156521739,0.375
23,502,0.156521739,0.375
23,624,0.156521739,0.375
23,638,0.156521739,0.375
23,772,0.156521739,0.375
23,845,0.156521739,0.375
23,916,0.156521739,0.375
23,930,0.156521739,0.375
23,943,0.156521739,0.375
23,944,0.156521739,0.375
23,952,0.156521739,0.375
23,959,0.156521739,0.375
23,963,0.156521739,0.375
23,1361,0.156521739,0.375
23,1418,0.156521739,0.375
23,1445,0.156521739,0.375
23,1451,0.156521739,0.375
24,6,0.042345277,0.25
24,8,0.042345277,0.25
24,14,0.042345277,0.25
24,22,0.042345277,0.25
24,136,0.042345277,0.25
24,141,0.042345277,0.25
24,170,0.042345277,0.25
24,171,0.042345277,0.25
24,188,0.042345277,0.25
24,197,0.042345277,0.25
24,230,0.042345277,0.25
24,231,0.042345277,0.25
24,268,0.042345277,0.25
24,325,0.042345277,0.25
24,339,0.042345277,0.25
24,344,0.042345277,0.25
24,353,0.042345277,0.25
24,387,0.042345277,0.25
24,392,0.042345277,0.25
24,405,0.042345277,0.25
24,407,0.042345277,0.25
24,413,0.042345277,0.25
24,453,0.042345277,0.25
24,556,0.042345277,0.25
24,585,0.042345277,0.25
24,598,0.042345277,0.25
24,743,0.042345277,0.25
24,832,0.042345277,0.25
24,844,0.042345277,0.25
24,857,0.042345277,0.25
24,858,0.042345277,0.25
24,891,0.042345277,0.25
24,896,0.042345277,0.25
24,923,0.042345277,0.25
24,924,0.042345277,0.25
24,929,0.042345277,0.25
24,934,0.042345277,0.25
24,935,0.042345277,0.25
24,945,0.042345277,0.25
24,949,0.042345277,0.25
24,1022,0.042345277,0.25
24,1147,0.042345277,0.25
24,1149,0.042345277,0.25
24,1166,0.042345277,0.25
24,1242,0.042345277,0.25
24,1245,0.042345277,0.25
24,1325,0.042345277,0.25
24,1356,0.042345277,0.25
24,1403,0.042345277,0.25
24,1423,0.042345277,0.25
24,1443,0.042345277,0.25
24,1457,0.042345277,0.25
25,12,0.041958042,0.181818182
25,17,0.041958042,0.181818182
25,94,0.041958042,0.181818182
25,130,0.041958042,0.181818182
25,138,0.041958042,0.181818182
25,243,0.041958042,0.181818182
25,260,0.041958042,0.181818182
25,323,0.041958042,0.181818182
25,342,0.041958042,0.181818182
25,375,0.041958042,0.181818182
25,376,0.041958042,0.181818182
25,384,0.041958042,0.181818182
25,452,0.041958042,0.181818182
25,482,0.041958042,0.181818182
25,529,0.041958042,0.181818182
25,710,0.041958042,0.181818182
25,873,0.041958042,0.181818182
25,877,0.041958042,0.181818182
25,919,0.041958042,0.181818182
25,1004,0.041958042,0.181818182
25,1095,0.041958042,0.181818182
25,1098,0.041958042,0.181818182
25,1153,0.041958042,0.181818182
25,1245,0.041958042,0.181818182
25,1251,0.041958042,0.181818182
25,1256,0.041958042,0.181818182
25,1303,0.041958042,0.181818182
25,1362,0.041958042,0.181818182
25,1431,0.041958042,0.181818182
25,1433,0.041958042,0.181818182
25,1435,0.041958042,0.181818182
25,1436,0.041958042,0.181818182
25,1441,0.041958042,0.181818182
26,17,0.128205128,0.535714286
26,27,0.128205128,0.535714286
26,36,0.128205128,0.535714286
26,67,0.128205128,0.535714286
26,74,0.128205128,0.535714286
26,83,0.128205128,0.535714286
26,126,0.128205128,0.535714286
26,158,0.128205128,0.535714286
26,164,0.128205128,0.535714286
26,192,0.128205128,0.535714286
26,214,0.128205128,0.535714286
26,218,0.128205128,0.535714286
26,307,0.128205128,0.535714286
26,338,0.128205128,0.535714286
26,364,0.128205128,0.535714286
26,365,0.128205128,0.535714286
26,372,0.128205128,0.535714286
26,381,0.128205128,0.535714286
26,446,0.128205128,0.535714286
26,458,0.128205128,0.535714286
26,465,0.128205128,0.535714286
26,468,0.128205128,0.535714286
26,474,0.128205128,0.535714286
26,490,0.128205128,0.535714286
26,491,0.128205128,0.535714286
26,495,0.128205128,0.535714286
26,496,0.128205128,0.535714286
26,497,0.128205128,0.535714286
26,500,0.128205128,0.535714286
26,507,0.128205128,0.535714286
26,523,0.128205128,0.535714286
26,534,0.128205128,0.535714286
26,584,0.128205128,0.535714286
26,591,0.128205128,0.535714286
26,615,0.128205128,0.535714286
26,620,0.128205128,0.535714286
26,639,0.128205128,0.535714286
26,675,0.128205128,0.535714286
26,690,0.128205128,0.535714286
26,723,0.128205128,0.535714286
26,732,0.128205128,0.535714286
26,779,0.128205128,0.535714286
26,813,0.128205128,0.535714286
26,822,0.128205128,0.535714286
26,848,0.128205128,0.535714286
26,849,0.128205128,0.535714286
26,860,0.128205128,0.535714286
26,865,0.128205128,0.535714286
26,979,0.128205128,0.535714286
26,1100,0.128205128,0.535714286
26,1264,0.128205128,0.535714286
26,1366,0.128205128,0.535714286
26,1368,0.128205128,0.535714286
26,1374,0.128205128,0.535714286
26,1376,0.128205128,0.535714286
26,1377,0.128205128,0.535714286
27,27,0.106837607,0.217391304
27,44,0.106837607,0.217391304
27,51,0.106837607,0.217391304
27,52,0.106837607,0.217391304
27,57,0.106837607,0.217391304
27,65,0.106837607,0.217391304
27,68,0.106837607,0.217391304
27,71,0.106837607,0.217391304
27,72,0.106837607,0.217391304
27,77,0.106837607,0.217391304
27,78,0.106837607,0.217391304
27,79,0.106837607,0.217391304
27,114,0.106837607,0.217391304
27,117,0.106837607,0.217391304
27,123,0.106837607,0.217391304
27,126,0.106837607,0.217391304
27,149,0.106837607,0.217391304
27,150,0.106837607,0.217391304
27,159,0.106837607,0.217391304
27,174,0.106837607,0.217391304
27,175,0.106837607,0.217391304
27,176,0.106837607,0.217391304
27,180,0.106837607,0.217391304
27,187,0.106837607,0.217391304
27,190,0.106837607,0.217391304
27,191,0.106837607,0.217391304
27,212,0.106837607,0.217391304
27,241,0.106837607,0.217391304
27,257,0.106837607,0.217391304
27,258,0.106837607,0.217391304
27,259,0.106837607,0.217391304
27,309,0.106837607,0.217391304
27,314,0.106837607,0.217391304
27,315,0.106837607,0.217391304
27,319,0.106837607,0.217391304
27,321,0.106837607,0.217391304
27,326,0.106837607,0.217391304
27,327,0.106837607,0.217391304
27,329,0.106837607,0.217391304
27,377,0.106837607,0.217391304
27,378,0.106837607,0.217391304
27,389,0.106837607,0.217391304
27,390,0.106837607,0.217391304
27,434,0.106837607,0.217391304
27,446,0.106837607,0.217391304
27,448,0.106837607,0.217391304
27,480,0.106837607,0.217391304
27,489,0.106837607,0.217391304
27,493,0.106837607,0.217391304
27,499,0.106837607,0.217391304
27,500,0.106837607,0.217391304
27,506,0.106837607,0.217391304
27,510,0.106837607,0.217391304
27,517,0.106837607,0.217391304
27,522,0.106837607,0.217391304
27,527,0.106837607,0.217391304
27,530,0.106837607,0.217391304
27,531,0.106837607,0.217391304
27,538,0.106837607,0.217391304
27,565,0.106837607,0.217391304
27,566,0.106837607,0.217391304
27,570,0.106837607,0.217391304
27,590,0.106837607,0.217391304
27,600,0.106837607,0.217391304
27,603,0.106837607,0.217391304
27,632,0.106837607,0.217391304
27,644,0.106837607,0.217391304
27,659,0.106837607,0.217391304
27,670,0.106837607,0.217391304
27,671,0.106837607,0.217391304
27,673,0.106837607,0.217391304
27,680,0.106837607,0.217391304
27,684,0.106837607,0.217391304
27,687,0.106837607,0.217391304
27,695,0.106837607,0.217391304
27,699,0.106837607,0.217391304
27,700,0.106837607,0.217391304
27,704,0.106837607,0.217391304
27,709,0.106837607,0.217391304
27,740,0.106837607,0.217391304
27,746,0.106837607,0.217391304
27,758,0.106837607,0.217391304
27,761,0.106837607,0.217391304
27,769,0.106837607,0.217391304
27,773,0.106837607,0.217391304
27,776,0.106837607,0.217391304
27,781,0.106837607,0.217391304
27,790,0.106837607,0.217391304
27,796,0.106837607,0.217391304
27,805,0.106837607,0.217391304
27,817,0.106837607,0.217391304
27,820,0.106837607,0.217391304
27,824,0.106837607,0.217391304
27,825,0.106837607,0.217391304
27,830,0.106837607,0.217391304
27,869,0.106837607,0.217391304
27,894,0.106837607,0.217391304
27,1091,0.106837607,0.217391304
27,1120,0.106837607,0.217391304
27,1124,0.106837607,0.217391304
27,1126,0.106837607,0.217391304
27,1127,0.106837607,0.217391304
27,1130,0.106837607,0.217391304
27,1132,0.106837607,0.217391304
27,1139,0.106837607,0.217391304
27,1144,0.106837607,0.217391304
27,1230,0.106837607,0.217391304
27,1255,0.106837607,0.217391304
27,1280,0.106837607,0.217391304
27,1283,0.106837607,0.217391304
27,1298,0.106837607,0.217391304
27,1323,0.106837607,0.217391304
27,1392,0.106837607,0.217391304
27,1419,0.106837607,0.217391304
27,1421,0.106837607,0.217391304
28,116,0.170940171,0.666666667
28,133,0.170940171,0.666666667
28,150,0.170940171,0.666666667
28,156,0.170940171,0.666666667
28,164,0.170940171,0.666666667
28,198,0.170940171,0.666666667
28,243,0.170940171,0.666666667
28,252,0.170940171,0.666666667
28,327,0.170940171,0.666666667
28,375,0.170940171,0.666666667
28,460,0.170940171,0.666666667
28,465,0.170940171,0.666666667
28,568,0.170940171,0.666666667
28,569,0.170940171,0.666666667
28,582,0.170940171,0.666666667
28,609,0.170940171,0.666666667
28,635,0.170940171,0.666666667
28,670,0.170940171,0.666666667
28,671,0.170940171,0.666666667
28,674,0.170940171,0.666666667
28,676,0.170940171,0.666666667
28,681,0.170940171,0.666666667
28,683,0.170940171,0.666666667
28,684,0.170940171,0.666666667
28,687,0.170940171,0.666666667
28,689,0.170940171,0.666666667
28,690,0.170940171,0.666666667
28,692,0.170940171,0.666666667
28,695,0.170940171,0.666666667
28,696,0.170940171,0.666666667
28,699,0.170940171,0.666666667
28,700,0.170940171,0.666666667
28,702,0.170940171,0.666666667
28,703,0.170940171,0.666666667
28,704,0.170940171,0.666666667
28,707,0.170940171,0.666666667
28,709,0.170940171,0.666666667
28,710,0.170940171,0.666666667
28,722,0.170940171,0.666666667
28,723,0.170940171,0.666666667
28,726,0.170940171,0.666666667
28,731,0.170940171,0.666666667
28,741,0.170940171,0.666666667
28,742,0.170940171,0.666666667
28,743,0.170940171,0.666666667
28,813,0.170940171,0.666666667
28,833,0.170940171,0.666666667
28,890,0.170940171,0.666666667
28,1026,0.170940171,0.666666667
28,1089,0.170940171,0.666666667
28,1092,0.170940171,0.666666667
28,1120,0.170940171,0.666666667
28,1126,0.170940171,0.666666667
28,1162,0.170940171,0.666666667
28,1164,0.170940171,0.666666667
28,1180,0.170940171,0.666666667
28,1292,0.170940171,0.666666667
28,1296,0.170940171,0.666666667
28,1370,0.170940171,0.666666667
28,1460,0.170940171,0.666666667
29,34,0.209090909,0.479166667
29,65,0.209090909,0.479166667
29,68,0.209090909,0.479166667
29,71,0.209090909,0.479166667
29,72,0.209090909,0.479166667
29,77,0.209090909,0.479166667
29,78,0.209090909,0.479166667
29,79,0.209090909,0.479166667
29,90,0.209090909,0.479166667
29,117,0.209090909,0.479166667
29,156,0.209090909,0.479166667
29,159,0.209090909,0.479166667
29,175,0.209090909,0.479166667
29,176,0.209090909,0.479166667
29,194,0.209090909,0.479166667
29,195,0.209090909,0.479166667
29,212,0.209090909,0.479166667
29,257,0.209090909,0.479166667
29,315,0.209090909,0.479166667
29,377,0.209090909,0.479166667
29,446,0.209090909,0.479166667
29,493,0.209090909,0.479166667
29,499,0.209090909,0.479166667
29,503,0.209090909,0.479166667
29,517,0.209090909,0.479166667
29,527,0.209090909,0.479166667
29,531,0.209090909,0.479166667
29,643,0.209090909,0.479166667
29,649,0.209090909,0.479166667
29,650,0.209090909,0.479166667
29,660,0.209090909,0.479166667
29,661,0.209090909,0.479166667
29,671,0.209090909,0.479166667
29,673,0.209090909,0.479166667
29,674,0.209090909,0.479166667
29,680,0.209090909,0.479166667
29,699,0.209090909,0.479166667
29,700,0.209090909,0.479166667
29,704,0.209090909,0.479166667
29,709,0.209090909,0.479166667
29,713,0.209090909,0.479166667
29,715,0.209090909,0.479166667
29,807,0.209090909,0.479166667
29,830,0.209090909,0.479166667
29,1144,0.209090909,0.479166667
29,1280,0.209090909,0.479166667
29,1419,0.209090909,0.479166667
29,1421,0.209090909,0.479166667
30,2,0.619047619,0.485074627
30,10,0.619047619,0.485074627
30,15,0.619047619,0.485074627
30,37,0.619047619,0.485074627
30,63,0.619047619,0.485074627
30,76,0.619047619,0.485074627
30,77,0.619047619,0.485074627
30,87,0.619047619,0.485074627
30,89,0.619047619,0.485074627
30,97,0.619047619,0.485074627
30,102,0.619047619,0.485074627
30,111,0.619047619,0.485074627
30,112,0.619047619,0.485074627
30,121,0.619047619,0.485074627
30,138,0.619047619,0.485074627
30,166,0.619047619,0.485074627
30,167,0.619047619,0.485074627
30,213,0.619047619,0.485074627
30,215,0.619047619,0.485074627
30,219,0.619047619,0.485074627
30,225,0.619047619,0.485074627
30,234,0.619047619,0.485074627
30,255,0.619047619,0.485074627
30,311,0.619047619,0.485074627
30,323,0.619047619,0.485074627
30,341,0.619047619,0.485074627
30,362,0.619047619,0.485074627
30,379,0.619047619,0.485074627
30,573,0.619047619,0.485074627
30,580,0.619047619,0.485074627
30,587,0.619047619,0.485074627
30,588,0.619047619,0.485074627
30,605,0.619047619,0.485074627
30,611,0.619047619,0.485074627
30,613,0.619047619,0.485074627
30,614,0.619047619,0.485074627
30,616,0.619047619,0.485074627
30,618,0.619047619,0.485074627
30,622,0.619047619,0.485074627
30,632,0.619047619,0.485074627
30,635,0.619047619,0.485074627
30,638,0.619047619,0.485074627
30,656,0.619047619,0.485074627
30,685,0.619047619,0.485074627
30,686,0.619047619,0.485074627
30,691,0.619047619,0.485074627
30,721,0.619047619,0.485074627
30,724,0.619047619,0.485074627
30,725,0.619047619,0.485074627
30,741,0.619047619,0.485074627
30,744,0.619047619,0.485074627
30,747,0.619047619,0.485074627
30,748,0.619047619,0.485074627
30,750,0.619047619,0.485074627
30,751,0.619047619,0.485074627
30,756,0.619047619,0.485074627
30,757,0.619047619,0.485074627
30,759,0.619047619,0.485074627
30,764,0.619047619,0.485074627
30,765,0.619047619,0.485074627
30,766,0.619047619,0.485074627
30,767,0.619047619,0.485074627
30,770,0.619047619,0.485074627
30,775,0.619047619,0.485074627
30,777,0.619047619,0.485074627
30,778,0.619047619,0.485074627
30,782,0.619047619,0.485074627
30,784,0.619047619,0.485074627
30,786,0.619047619,0.485074627
30,787,0.619047619,0.485074627
30,788,0.619047619,0.485074627
30,789,0.619047619,0.485074627
30,791,0.619047619,0.485074627
30,793,0.619047619,0.485074627
30,794,0.619047619,0.485074627
30,800,0.619047619,0.485074627
30,804,0.619047619,0.485074627
30,808,0.619047619,0.485074627
30,821,0.619047619,0.485074627
30,831,0.619047619,0.485074627
30,953,0.619047619,0.485074627
30,958,0.619047619,0.485074627
30,1055,0.619047619,0.485074627
30,1085,0.619047619,0.485074627
30,1086,0.619047619,0.485074627
30,1090,0.619047619,0.485074627
30,1097,0.619047619,0.485074627
30,1108,0.619047619,0.485074627
30,1109,0.619047619,0.485074627
30,1113,0.619047619,0.485074627
30,1114,0.619047619,0.485074627
30,1115,0.619047619,0.485074627
30,1122,0.619047619,0.485074627
30,1123,0.619047619,0.485074627
30,1155,0.619047619,0.485074627
30,1156,0.619047619,0.485074627
30,1157,0.619047619,0.485074627
30,1161,0.619047619,0.485074627
30,1167,0.619047619,0.485074627
30,1168,0.619047619,0.485074627
30,1172,0.619047619,0.485074627
30,1173,0.619047619,0.485074627
30,1176,0.619047619,0.485074627
30,1182,0.619047619,0.485074627
30,1190,0.619047619,0.485074627
30,1191,0.619047619,0.485074627
30,1209,0.619047619,0.485074627
30,1210,0.619047619,0.485074627
30,1241,0.619047619,0.485074627
30,1254,0.619047619,0.485074627
30,1260,0.619047619,0.485074627
30,1269,0.619047619,0.485074627
30,1274,0.619047619,0.485074627
30,1276,0.619047619,0.485074627
30,1278,0.619047619,0.485074627
30,1279,0.619047619,0.485074627
30,1284,0.619047619,0.485074627
30,1285,0.619047619,0.485074627
30,1286,0.619047619,0.485074627
30,1287,0.619047619,0.485074627
30,1289,0.619047619,0.485074627
30,1290,0.619047619,0.485074627
30,1301,0.619047619,0.485074627
30,1304,0.619047619,0.485074627
30,1313,0.619047619,0.485074627
30,1319,0.619047619,0.485074627
30,1335,0.619047619,0.485074627
30,1350,0.619047619,0.485074627
30,1369,0.619047619,0.485074627
30,1418,0.619047619,0.485074627
30,1428,0.619047619,0.485074627
30,1432,0.619047619,0.485074627
30,1444,0.619047619,0.485074627
30,1451,0.619047619,0.485074627
31,95,0.062937063,0.147540984
31,116,0.062937063,0.147540984
31,131,0.062937063,0.147540984
31,133,0.062937063,0.147540984
31,145,0.062937063,0.147540984
31,150,0.062937063,0.147540984
31,156,0.062937063,0.147540984
31,375,0.062937063,0.147540984
31,379,0.062937063,0.147540984
31,460,0.062937063,0.147540984
31,465,0.062937063,0.147540984
31,473,0.062937063,0.147540984
31,482,0.062937063,0.147540984
31,485,0.062937063,0.147540984
31,503,0.062937063,0.147540984
31,535,0.062937063,0.147540984
31,569,0.062937063,0.147540984
31,576,0.062937063,0.147540984
31,614,0.062937063,0.147540984
31,635,0.062937063,0.147540984
31,638,0.062937063,0.147540984
31,670,0.062937063,0.147540984
31,674,0.062937063,0.147540984
31,681,0.062937063,0.147540984
31,682,0.062937063,0.147540984
31,683,0.062937063,0.147540984
31,687,0.062937063,0.147540984
31,689,0.062937063,0.147540984
31,690,0.062937063,0.147540984
31,692,0.062937063,0.147540984
31,695,0.062937063,0.147540984
31,702,0.062937063,0.147540984
31,703,0.062937063,0.147540984
31,707,0.062937063,0.147540984
31,709,0.062937063,0.147540984
31,710,0.062937063,0.147540984
31,741,0.062937063,0.147540984
31,742,0.062937063,0.147540984
31,743,0.062937063,0.147540984
31,744,0.062937063,0.147540984
31,763,0.062937063,0.147540984
31,773,0.062937063,0.147540984
31,775,0.062937063,0.147540984
31,820,0.062937063,0.147540984
31,889,0.062937063,0.147540984
31,1080,0.062937063,0.147540984
31,1112,0.062937063,0.147540984
31,1121,0.062937063,0.147540984
31,1124,0.062937063,0.147540984
31,1126,0.062937063,0.147540984
31,1180,0.062937063,0.147540984
31,1207,0.062937063,0.147540984
31,1208,0.062937063,0.147540984
31,1256,0.062937063,0.147540984
31,1264,0.062937063,0.147540984
31,1296,0.062937063,0.147540984
31,1299,0.062937063,0.147540984
31,1303,0.062937063,0.147540984
31,1370,0.062937063,0.147540984
31,1436,0.062937063,0.147540984
31,1460,0.062937063,0.147540984
32,11,0.027272727,0.025641026
32,17,0.027272727,0.025641026
32,35,0.027272727,0.025641026
32,36,0.027272727,0.025641026
32,56,0.027272727,0.025641026
32,92,0.027272727,0.025641026
32,178,0.027272727,0.025641026
32,192,0.027272727,0.025641026
32,193,0.027272727,0.025641026
32,195,0.027272727,0.025641026
32,196,0.027272727,0.025641026
32,200,0.027272727,0.025641026
32,201,0.027272727,0.025641026
32,212,0.027272727,0.025641026
32,219,0.027272727,0.025641026
32,243,0.027272727,0.025641026
32,244,0.027272727,0.025641026
32,246,0.027272727,0.025641026
32,248,0.027272727,0.025641026
32,250,0.027272727,0.025641026
32,257,0.027272727,0.025641026
32,258,0.027272727,0.025641026
32,259,0.027272727,0.025641026
32,262,0.027272727,0.025641026
32,267,0.027272727,0.025641026
32,269,0.027272727,0.025641026
32,277,0.027272727,0.025641026
32,287,0.027272727,0.025641026
32,289,0.027272727,0.025641026
32,291,0.027272727,0.025641026
32,294,0.027272727,0.025641026
32,299,0.027272727,0.025641026
32,307,0.027272727,0.025641026
32,314,0.027272727,0.025641026
32,323,0.027272727,0.025641026
32,326,0.027272727,0.025641026
32,331,0.027272727,0.025641026
32,333,0.027272727,0.025641026
32,336,0.027272727,0.025641026
32,338,0.027272727,0.025641026
32,348,0.027272727,0.025641026
32,374,0.027272727,0.025641026
32,375,0.027272727,0.025641026
32,388,0.027272727,0.025641026
32,406,0.027272727,0.025641026
32,408,0.027272727,0.025641026
32,409,0.027272727,0.025641026
32,410,0.027272727,0.025641026
32,548,0.027272727,0.025641026
32,593,0.027272727,0.025641026
32,597,0.027272727,0.025641026
32,660,0.027272727,0.025641026
32,664,0.027272727,0.025641026
32,722,0.027272727,0.025641026
32,724,0.027272727,0.025641026
32,726,0.027272727,0.025641026
32,728,0.027272727,0.025641026
32,734,0.027272727,0.025641026
32,836,0.027272727,0.025641026
32,848,0.027272727,0.025641026
32,849,0.027272727,0.025641026
32,850,0.027272727,0.025641026
32,854,0.027272727,0.025641026
32,856,0.027272727,0.025641026
32,858,0.027272727,0.025641026
32,861,0.027272727,0.025641026
32,863,0.027272727,0.025641026
32,872,0.027272727,0.025641026
32,874,0.027272727,0.025641026
32,875,0.027272727,0.025641026
32,880,0.027272727,0.025641026
32,884,0.027272727,0.025641026
32,885,0.027272727,0.025641026
32,886,0.027272727,0.025641026
32,887,0.027272727,0.025641026
32,916,0.027272727,0.025641026
32,917,0.027272727,0.025641026
32,921,0.027272727,0.025641026
32,922,0.027272727,0.025641026
32,925,0.027272727,0.025641026
32,941,0.027272727,0.025641026
32,947,0.027272727,0.025641026
32,955,0.027272727,0.025641026
32,963,0.027272727,0.025641026
32,970,0.027272727,0.025641026
32,979,0.027272727,0.025641026
32,990,0.027272727,0.025641026
32,997,0.027272727,0.025641026
32,998,0.027272727,0.025641026
32,1012,0.027272727,0.025641026
32,1042,0.027272727,0.025641026
32,1043,0.027272727,0.025641026
32,1079,0.027272727,0.025641026
32,1193,0.027272727,0.025641026
32,1196,0.027272727,0.025641026
32,1197,0.027272727,0.025641026
32,1198,0.027272727,0.025641026
32,1229,0.027272727,0.025641026
32,1230,0.027272727,0.025641026
32,1248,0.027272727,0.025641026
32,1252,0.027272727,0.025641026
32,1264,0.027272727,0.025641026
32,1280,0.027272727,0.025641026
32,1351,0.027272727,0.025641026
32,1358,0.027272727,0.025641026
32,1366,0.027272727,0.025641026
32,1367,0.027272727,0.025641026
32,1368,0.027272727,0.025641026
32,1371,0.027272727,0.025641026
32,1372,0.027272727,0.025641026
32,1375,0.027272727,0.025641026
32,1376,0.027272727,0.025641026
32,1377,0.027272727,0.025641026
32,1410,0.027272727,0.025641026
32,1415,0.027272727,0.025641026
32,1418,0.027272727,0.025641026
32,1445,0.027272727,0.025641026
33,122,0.021367521,0.25
33,123,0.021367521,0.25
33,169,0.021367521,0.25
33,375,0.021367521,0.25
33,376,0.021367521,0.25
33,854,0.021367521,0.25
33,885,0.021367521,0.25
33,947,0.021367521,0.25
33,980,0.021367521,0.25
33,997,0.021367521,0.25
33,1011,0.021367521,0.25
33,1013,0.021367521,0.25
33,1121,0.021367521,0.25
33,1146,0.021367521,0.25
33,1171,0.021367521,0.25
33,1198,0.021367521,0.25
33,1303,0.021367521,0.25
33,1367,0.021367521,0.25
33,1377,0.021367521,0.25
33,1410,0.021367521,0.25
34,34,0.118181818,0.342105263
34,44,0.118181818,0.342105263
34,53,0.118181818,0.342105263
34,57,0.118181818,0.342105263
34,68,0.118181818,0.342105263
34,80,0.118181818,0.342105263
34,117,0.118181818,0.342105263
34,123,0.118181818,0.342105263
34,159,0.118181818,0.342105263
34,320,0.118181818,0.342105263
34,377,0.118181818,0.342105263
34,434,0.118181818,0.342105263
34,489,0.118181818,0.342105263
34,493,0.118181818,0.342105263
34,522,0.118181818,0.342105263
34,530,0.118181818,0.342105263
34,600,0.118181818,0.342105263
34,668,0.118181818,0.342105263
34,669,0.118181818,0.342105263
34,670,0.118181818,0.342105263
34,671,0.118181818,0.342105263
34,673,0.118181818,0.342105263
34,677,0.118181818,0.342105263
34,678,0.118181818,0.342105263
34,679,0.118181818,0.342105263
34,681,0.118181818,0.342105263
34,687,0.118181818,0.342105263
34,689,0.118181818,0.342105263
34,694,0.118181818,0.342105263
34,697,0.118181818,0.342105263
34,699,0.118181818,0.342105263
34,700,0.118181818,0.342105263
34,704,0.118181818,0.342105263
34,706,0.118181818,0.342105263
34,708,0.118181818,0.342105263
34,709,0.118181818,0.342105263
34,830,0.118181818,0.342105263
34,1144,0.118181818,0.342105263
35,12,0.076923077,0.255813953
35,18,0.076923077,0.255813953
35,54,0.076923077,0.255813953
35,75,0.076923077,0.255813953
35,92,0.076923077,0.255813953
35,119,0.076923077,0.255813953
35,126,0.076923077,0.255813953
35,130,0.076923077,0.255813953
35,156,0.076923077,0.255813953
35,163,0.076923077,0.255813953
35,178,0.076923077,0.255813953
35,220,0.076923077,0.255813953
35,286,0.076923077,0.255813953
35,355,0.076923077,0.255813953
35,376,0.076923077,0.255813953
35,385,0.076923077,0.255813953
35,402,0.076923077,0.255813953
35,403,0.076923077,0.255813953
35,404,0.076923077,0.255813953
35,406,0.076923077,0.255813953
35,452,0.076923077,0.255813953
35,466,0.076923077,0.255813953
35,496,0.076923077,0.255813953
35,514,0.076923077,0.255813953
35,527,0.076923077,0.255813953
35,537,0.076923077,0.255813953
35,547,0.076923077,0.255813953
35,619,0.076923077,0.255813953
35,687,0.076923077,0.255813953
35,694,0.076923077,0.255813953
35,707,0.076923077,0.255813953
35,730,0.076923077,0.255813953
35,837,0.076923077,0.255813953
35,978,0.076923077,0.255813953
35,1080,0.076923077,0.255813953
35,1143,0.076923077,0.255813953
35,1145,0.076923077,0.255813953
35,1146,0.076923077,0.255813953
35,1207,0.076923077,0.255813953
35,1208,0.076923077,0.255813953
35,1264,0.076923077,0.255813953
35,1288,0.076923077,0.255813953
35,1360,0.076923077,0.255813953
37,1,0.172727273,0.475
37,16,0.172727273,0.475
37,30,0.172727273,0.475
37,34,0.172727273,0.475
37,38,0.172727273,0.475
37,44,0.172727273,0.475
37,51,0.172727273,0.475
37,52,0.172727273,0.475
37,53,0.172727273,0.475
37,69,0.172727273,0.475
37,71,0.172727273,0.475
37,75,0.172727273,0.475
37,79,0.172727273,0.475
37,151,0.172727273,0.475
37,194,0.172727273,0.475
37,653,0.172727273,0.475
37,687,0.172727273,0.475
37,688,0.172727273,0.475
37,701,0.172727273,0.475
37,732,0.172727273,0.475
37,773,0.172727273,0.475
37,781,0.172727273,0.475
37,798,0.172727273,0.475
37,802,0.172727273,0.475
37,809,0.172727273,0.475
37,989,0.172727273,0.475
37,1073,0.172727273,0.475
37,1091,0.172727273,0.475
37,1118,0.172727273,0.475
37,1124,0.172727273,0.475
37,1131,0.172727273,0.475
37,1133,0.172727273,0.475
37,1144,0.172727273,0.475
37,1163,0.172727273,0.475
37,1171,0.172727273,0.475
37,1222,0.172727273,0.475
37,1326,0.172727273,0.475
37,1413,0.172727273,0.475
37,1414,0.172727273,0.475
37,1448,0.172727273,0.475
39,6,0.013029316,0.222222222
39,14,0.013029316,0.222222222
39,22,0.013029316,0.222222222
39,93,0.013029316,0.222222222
39,114,0.013029316,0.222222222
39,141,0.013029316,0.222222222
39,272,0.013029316,0.222222222
39,323,0.013029316,0.222222222
39,371,0.013029316,0.222222222
39,387,0.013029316,0.222222222
39,598,0.013029316,0.222222222
39,839,0.013029316,0.222222222
39,881,0.013029316,0.222222222
39,896,0.013029316,0.222222222
39,1022,0.013029316,0.222222222
39,1166,0.013029316,0.222222222
39,1178,0.013029316,0.222222222
39,1248,0.013029316,0.222222222
41,34,0,0
41,86,0,0
41,388,0,0
41,488,0,0
41,669,0,0
41,687,0,0
41,795,0,0
41,825,0,0
41,966,0,0
41,1066,0,0
41,1395,0,0
42,29,0.181818182,0.52
42,60,0.181818182,0.52
42,85,0.181818182,0.52
42,92,0.181818182,0.52
42,114,0.181818182,0.52
42,123,0.181818182,0.52
42,126,0.181818182,0.52
42,131,0.181818182,0.52
42,174,0.181818182,0.52
42,175,0.181818182,0.52
42,291,0.181818182,0.52
42,294,0.181818182,0.52
42,345,0.181818182,0.52
42,346,0.181818182,0.52
42,359,0.181818182,0.52
42,360,0.181818182,0.52
42,363,0.181818182,0.52
42,400,0.181818182,0.52
42,421,0.181818182,0.52
42,432,0.181818182,0.52
42,454,0.181818182,0.52
42,457,0.181818182,0.52
42,459,0.181818182,0.52
42,460,0.181818182,0.52
42,461,0.181818182,0.52
42,463,0.181818182,0.52
42,469,0.181818182,0.52
42,505,0.181818182,0.52
42,535,0.181818182,0.52
42,540,0.181818182,0.52
42,553,0.181818182,0.52
42,554,0.181818182,0.52
42,599,0.181818182,0.52
42,640,0.181818182,0.52
42,724,0.181818182,0.52
42,803,0.181818182,0.52
42,901,0.181818182,0.52
42,917,0.181818182,0.52
42,1027,0.181818182,0.52
42,1035,0.181818182,0.52
42,1053,0.181818182,0.52
42,1169,0.181818182,0.52
42,1179,0.181818182,0.52
42,1181,0.181818182,0.52
42,1190,0.181818182,0.52
42,1191,0.181818182,0.52
42,1248,0.181818182,0.52
42,1309,0.181818182,0.52
42,1405,0.181818182,0.52
42,1412,0.181818182,0.52
43,114,0.02991453,0.538461538
43,120,0.02991453,0.538461538
43,128,0.02991453,0.538461538
43,135,0.02991453,0.538461538
43,144,0.02991453,0.538461538
43,157,0.02991453,0.538461538
43,175,0.02991453,0.538461538
43,350,0.02991453,0.538461538
43,511,0.02991453,0.538461538
43,567,0.02991453,0.538461538
43,694,0.02991453,0.538461538
43,835,0.02991453,0.538461538
43,867,0.02991453,0.538461538
44,2,0.371428571,0.251612903
44,10,0.371428571,0.251612903
44,32,0.371428571,0.251612903
44,33,0.371428571,0.251612903
44,34,0.371428571,0.251612903
44,37,0.371428571,0.251612903
44,40,0.371428571,0.251612903
44,41,0.371428571,0.251612903
44,49,0.371428571,0.251612903
44,63,0.371428571,0.251612903
44,87,0.371428571,0.251612903
44,90,0.371428571,0.251612903
44,98,0.371428571,0.251612903
44,113,0.371428571,0.251612903
44,115,0.371428571,0.251612903
44,116,0.371428571,0.251612903
44,165,0.371428571,0.251612903
44,166,0.371428571,0.251612903
44,178,0.371428571,0.251612903
44,192,0.371428571,0.251612903
44,198,0.371428571,0.251612903
44,199,0.371428571,0.251612903
44,202,0.371428571,0.251612903
44,203,0.371428571,0.251612903
44,204,0.371428571,0.251612903
44,205,0.371428571,0.251612903
44,211,0.371428571,0.251612903
44,215,0.371428571,0.251612903
44,219,0.371428571,0.251612903
44,225,0.371428571,0.251612903
44,234,0.371428571,0.251612903
44,242,0.371428571,0.251612903
44,252,0.371428571,0.251612903
44,253,0.371428571,0.251612903
44,341,0.371428571,0.251612903
44,347,0.371428571,0.251612903
44,355,0.371428571,0.251612903
44,371,0.371428571,0.251612903
44,375,0.371428571,0.251612903
44,376,0.371428571,0.251612903
44,381,0.371428571,0.251612903
44,384,0.371428571,0.251612903
44,395,0.371428571,0.251612903
44,415,0.371428571,0.251612903
44,453,0.371428571,0.251612903
44,465,0.371428571,0.251612903
44,467,0.371428571,0.251612903
44,482,0.371428571,0.251612903
44,491,0.371428571,0.251612903
44,495,0.371428571,0.251612903
44,515,0.371428571,0.251612903
44,517,0.371428571,0.251612903
44,520,0.371428571,0.251612903
44,529,0.371428571,0.251612903
44,535,0.371428571,0.251612903
44,560,0.371428571,0.251612903
44,580,0.371428571,0.251612903
44,582,0.371428571,0.251612903
44,588,0.371428571,0.251612903
44,605,0.371428571,0.251612903
44,607,0.371428571,0.251612903
44,609,0.371428571,0.251612903
44,613,0.371428571,0.251612903
44,614,0.371428571,0.251612903
44,616,0.371428571,0.251612903
44,619,0.371428571,0.251612903
44,622,0.371428571,0.251612903
44,666,0.371428571,0.251612903
44,667,0.371428571,0.251612903
44,711,0.371428571,0.251612903
44,712,0.371428571,0.251612903
44,714,0.371428571,0.251612903
44,716,0.371428571,0.251612903
44,717,0.371428571,0.251612903
44,719,0.371428571,0.251612903
44,721,0.371428571,0.251612903
44,725,0.371428571,0.251612903
44,728,0.371428571,0.251612903
44,731,0.371428571,0.251612903
44,756,0.371428571,0.251612903
44,763,0.371428571,0.251612903
44,767,0.371428571,0.251612903
44,770,0.371428571,0.251612903
44,771,0.371428571,0.251612903
44,773,0.371428571,0.251612903
44,775,0.371428571,0.251612903
44,777,0.371428571,0.251612903
44,782,0.371428571,0.251612903
44,800,0.371428571,0.251612903
44,821,0.371428571,0.251612903
44,831,0.371428571,0.251612903
44,839,0.371428571,0.251612903
44,888,0.371428571,0.251612903
44,889,0.371428571,0.251612903
44,905,0.371428571,0.251612903
44,914,0.371428571,0.251612903
44,916,0.371428571,0.251612903
44,933,0.371428571,0.251612903
44,943,0.371428571,0.251612903
44,944,0.371428571,0.251612903
44,952,0.371428571,0.251612903
44,958,0.371428571,0.251612903
44,977,0.371428571,0.251612903
44,983,0.371428571,0.251612903
44,996,0.371428571,0.251612903
44,1023,0.371428571,0.251612903
44,1060,0.371428571,0.251612903
44,1072,0.371428571,0.251612903
44,1076,0.371428571,0.251612903
44,1078,0.371428571,0.251612903
44,1080,0.371428571,0.251612903
44,1089,0.371428571,0.251612903
44,1090,0.371428571,0.251612903
44,1099,0.371428571,0.251612903
44,1109,0.371428571,0.251612903
44,1122,0.371428571,0.251612903
44,1167,0.371428571,0.251612903
44,1168,0.371428571,0.251612903
44,1181,0.371428571,0.251612903
44,1184,0.371428571,0.251612903
44,1203,0.371428571,0.251612903
44,1208,0.371428571,0.251612903
44,1223,0.371428571,0.251612903
44,1241,0.371428571,0.251612903
44,1253,0.371428571,0.251612903
44,1256,0.371428571,0.251612903
44,1257,0.371428571,0.251612903
44,1258,0.371428571,0.251612903
44,1268,0.371428571,0.251612903
44,1275,0.371428571,0.251612903
44,1277,0.371428571,0.251612903
44,1284,0.371428571,0.251612903
44,1286,0.371428571,0.251612903
44,1290,0.371428571,0.251612903
44,1295,0.371428571,0.251612903
44,1296,0.371428571,0.251612903
44,1298,0.371428571,0.251612903
44,1299,0.371428571,0.251612903
44,1319,0.371428571,0.251612903
44,1322,0.371428571,0.251612903
44,1324,0.371428571,0.251612903
44,1352,0.371428571,0.251612903
44,1355,0.371428571,0.251612903
44,1362,0.371428571,0.251612903
44,1369,0.371428571,0.251612903
44,1373,0.371428571,0.251612903
44,1417,0.371428571,0.251612903
44,1421,0.371428571,0.251612903
44,1428,0.371428571,0.251612903
44,1431,0.371428571,0.251612903
44,1432,0.371428571,0.251612903
44,1440,0.371428571,0.251612903
44,1446,0.371428571,0.251612903
44,1450,0.371428571,0.251612903
44,1460,0.371428571,0.251612903
45,4,0.086956522,0.12987013
45,5,0.086956522,0.12987013
45,11,0.086956522,0.12987013
45,12,0.086956522,0.12987013
45,17,0.086956522,0.12987013
45,24,0.086956522,0.12987013
45,36,0.086956522,0.12987013
45,46,0.086956522,0.12987013
45,56,0.086956522,0.12987013
45,64,0.086956522,0.12987013
45,74,0.086956522,0.12987013
45,90,0.086956522,0.12987013
45,115,0.086956522,0.12987013
45,136,0.086956522,0.12987013
45,141,0.086956522,0.12987013
45,142,0.086956522,0.12987013
45,177,0.086956522,0.12987013
45,178,0.086956522,0.12987013
45,272,0.086956522,0.12987013
45,323,0.086956522,0.12987013
45,548,0.086956522,0.12987013
45,555,0.086956522,0.12987013
45,607,0.086956522,0.12987013
45,660,0.086956522,0.12987013
45,664,0.086956522,0.12987013
45,721,0.086956522,0.12987013
45,723,0.086956522,0.12987013
45,724,0.086956522,0.12987013
45,725,0.086956522,0.12987013
45,728,0.086956522,0.12987013
45,731,0.086956522,0.12987013
45,739,0.086956522,0.12987013
45,823,0.086956522,0.12987013
45,839,0.086956522,0.12987013
45,848,0.086956522,0.12987013
45,879,0.086956522,0.12987013
45,881,0.086956522,0.12987013
45,887,0.086956522,0.12987013
45,888,0.086956522,0.12987013
45,906,0.086956522,0.12987013
45,907,0.086956522,0.12987013
45,908,0.086956522,0.12987013
45,911,0.086956522,0.12987013
45,913,0.086956522,0.12987013
45,916,0.086956522,0.12987013
45,923,0.086956522,0.12987013
45,924,0.086956522,0.12987013
45,925,0.086956522,0.12987013
45,934,0.086956522,0.12987013
45,940,0.086956522,0.12987013
45,941,0.086956522,0.12987013
45,943,0.086956522,0.12987013
45,960,0.086956522,0.12987013
45,963,0.086956522,0.12987013
45,991,0.086956522,0.12987013
45,998,0.086956522,0.12987013
45,1005,0.086956522,0.12987013
45,1009,0.086956522,0.12987013
45,1012,0.086956522,0.12987013
45,1043,0.086956522,0.12987013
45,1056,0.086956522,0.12987013
45,1149,0.086956522,0.12987013
45,1183,0.086956522,0.12987013
45,1215,0.086956522,0.12987013
45,1236,0.086956522,0.12987013
45,1240,0.086956522,0.12987013
45,1248,0.086956522,0.12987013
45,1251,0.086956522,0.12987013
45,1257,0.086956522,0.12987013
45,1258,0.086956522,0.12987013
45,1268,0.086956522,0.12987013
45,1367,0.086956522,0.12987013
45,1377,0.086956522,0.12987013
45,1383,0.086956522,0.12987013
45,1384,0.086956522,0.12987013
45,1391,0.086956522,0.12987013
45,1404,0.086956522,0.12987013
46,11,0.1,0.146551724
46,14,0.1,0.146551724
46,17,0.1,0.146551724
46,23,0.1,0.146551724
46,24,0.1,0.146551724
46,31,0.1,0.146551724
46,36,0.1,0.146551724
46,46,0.1,0.146551724
46,64,0.1,0.146551724
46,74,0.1,0.146551724
46,92,0.1,0.146551724
46,115,0.1,0.146551724
46,136,0.1,0.146551724
46,177,0.1,0.146551724
46,178,0.1,0.146551724
46,197,0.1,0.146551724
46,200,0.1,0.146551724
46,209,0.1,0.146551724
46,244,0.1,0.146551724
46,245,0.1,0.146551724
46,287,0.1,0.146551724
46,294,0.1,0.146551724
46,299,0.1,0.146551724
46,325,0.1,0.146551724
46,326,0.1,0.146551724
46,331,0.1,0.146551724
46,336,0.1,0.146551724
46,338,0.1,0.146551724
46,363,0.1,0.146551724
46,374,0.1,0.146551724
46,383,0.1,0.146551724
46,406,0.1,0.146551724
46,408,0.1,0.146551724
46,409,0.1,0.146551724
46,432,0.1,0.146551724
46,433,0.1,0.146551724
46,504,0.1,0.146551724
46,547,0.1,0.146551724
46,583,0.1,0.146551724
46,593,0.1,0.146551724
46,597,0.1,0.146551724
46,617,0.1,0.146551724
46,620,0.1,0.146551724
46,647,0.1,0.146551724
46,651,0.1,0.146551724
46,721,0.1,0.146551724
46,724,0.1,0.146551724
46,743,0.1,0.146551724
46,792,0.1,0.146551724
46,834,0.1,0.146551724
46,836,0.1,0.146551724
46,839,0.1,0.146551724
46,848,0.1,0.146551724
46,849,0.1,0.146551724
46,850,0.1,0.146551724
46,852,0.1,0.146551724
46,854,0.1,0.146551724
46,856,0.1,0.146551724
46,858,0.1,0.146551724
46,859,0.1,0.146551724
46,860,0.1,0.146551724
46,861,0.1,0.146551724
46,863,0.1,0.146551724
46,865,0.1,0.146551724
46,866,0.1,0.146551724
46,870,0.1,0.146551724
46,872,0.1,0.146551724
46,873,0.1,0.146551724
46,874,0.1,0.146551724
46,875,0.1,0.146551724
46,880,0.1,0.146551724
46,881,0.1,0.146551724
46,882,0.1,0.146551724
46,884,0.1,0.146551724
46,886,0.1,0.146551724
46,887,0.1,0.146551724
46,892,0.1,0.146551724
46,897,0.1,0.146551724
46,916,0.1,0.146551724
46,917,0.1,0.146551724
46,921,0.1,0.146551724
46,922,0.1,0.146551724
46,936,0.1,0.146551724
46,963,0.1,0.146551724
46,970,0.1,0.146551724
46,979,0.1,0.146551724
46,990,0.1,0.146551724
46,991,0.1,0.146551724
46,997,0.1,0.146551724
46,998,0.1,0.146551724
46,1012,0.1,0.146551724
46,1042,0.1,0.146551724
46,1043,0.1,0.146551724
46,1079,0.1,0.146551724
46,1193,0.1,0.146551724
46,1229,0.1,0.146551724
46,1230,0.1,0.146551724
46,1248,0.1,0.146551724
46,1251,0.1,0.146551724
46,1252,0.1,0.146551724
46,1264,0.1,0.146551724
46,1280,0.1,0.146551724
46,1351,0.1,0.146551724
46,1358,0.1,0.146551724
46,1366,0.1,0.146551724
46,1367,0.1,0.146551724
46,1368,0.1,0.146551724
46,1372,0.1,0.146551724
46,1376,0.1,0.146551724
46,1377,0.1,0.146551724
46,1397,0.1,0.146551724
46,1410,0.1,0.146551724
46,1415,0.1,0.146551724
46,1418,0.1,0.146551724
46,1434,0.1,0.146551724
46,1445,0.1,0.146551724
49,37,0.062937063,0.264705882
49,80,0.062937063,0.264705882
49,98,0.062937063,0.264705882
49,111,0.062937063,0.264705882
49,123,0.062937063,0.264705882
49,151,0.062937063,0.264705882
49,163,0.062937063,0.264705882
49,261,0.062937063,0.264705882
49,357,0.062937063,0.264705882
49,375,0.062937063,0.264705882
49,384,0.062937063,0.264705882
49,398,0.062937063,0.264705882
49,456,0.062937063,0.264705882
49,496,0.062937063,0.264705882
49,497,0.062937063,0.264705882
49,533,0.062937063,0.264705882
49,545,0.062937063,0.264705882
49,582,0.062937063,0.264705882
49,619,0.062937063,0.264705882
49,623,0.062937063,0.264705882
49,676,0.062937063,0.264705882
49,788,0.062937063,0.264705882
49,789,0.062937063,0.264705882
49,809,0.062937063,0.264705882
49,828,0.062937063,0.264705882
49,837,0.062937063,0.264705882
49,845,0.062937063,0.264705882
49,1044,0.062937063,0.264705882
49,1284,0.062937063,0.264705882
49,1297,0.062937063,0.264705882
49,1328,0.062937063,0.264705882
49,1348,0.062937063,0.264705882
49,1349,0.062937063,0.264705882
49,1364,0.062937063,0.264705882
50,1,0.754716981,0.449438202
50,16,0.754716981,0.449438202
50,45,0.754716981,0.449438202
50,80,0.754716981,0.449438202
50,154,0.754716981,0.449438202
50,209,0.754716981,0.449438202
50,257,0.754716981,0.449438202
50,258,0.754716981,0.449438202
50,259,0.754716981,0.449438202
50,260,0.754716981,0.449438202
50,262,0.754716981,0.449438202
50,263,0.754716981,0.449438202
50,275,0.754716981,0.449438202
50,276,0.754716981,0.449438202
50,333,0.754716981,0.449438202
50,334,0.754716981,0.449438202
50,335,0.754716981,0.449438202
50,342,0.754716981,0.449438202
50,354,0.754716981,0.449438202
50,361,0.754716981,0.449438202
50,388,0.754716981,0.449438202
50,404,0.754716981,0.449438202
50,480,0.754716981,0.449438202
50,488,0.754716981,0.449438202
50,522,0.754716981,0.449438202
50,527,0.754716981,0.449438202
50,530,0.754716981,0.449438202
50,564,0.754716981,0.449438202
50,576,0.754716981,0.449438202
50,596,0.754716981,0.449438202
50,608,0.754716981,0.449438202
50,701,0.754716981,0.449438202
50,702,0.754716981,0.449438202
50,758,0.754716981,0.449438202
50,769,0.754716981,0.449438202
50,797,0.754716981,0.449438202
50,801,0.754716981,0.449438202
50,817,0.754716981,0.449438202
50,820,0.754716981,0.449438202
50,825,0.754716981,0.449438202
50,830,0.754716981,0.449438202
50,838,0.754716981,0.449438202
50,853,0.754716981,0.449438202
50,868,0.754716981,0.449438202
50,869,0.754716981,0.449438202
50,884,0.754716981,0.449438202
50,898,0.754716981,0.449438202
50,931,0.754716981,0.449438202
50,960,0.754716981,0.449438202
50,966,0.754716981,0.449438202
50,989,0.754716981,0.449438202
50,993,0.754716981,0.449438202
50,996,0.754716981,0.449438202
50,999,0.754716981,0.449438202
50,1010,0.754716981,0.449438202
50,1066,0.754716981,0.449438202
50,1072,0.754716981,0.449438202
50,1074,0.754716981,0.449438202
50,1075,0.754716981,0.449438202
50,1103,0.754716981,0.449438202
50,1137,0.754716981,0.449438202
50,1140,0.754716981,0.449438202
50,1141,0.754716981,0.449438202
50,1170,0.754716981,0.449438202
50,1202,0.754716981,0.449438202
50,1215,0.754716981,0.449438202
50,1216,0.754716981,0.449438202
50,1230,0.754716981,0.449438202
50,1231,0.754716981,0.449438202
50,1259,0.754716981,0.449438202
50,1265,0.754716981,0.449438202
50,1266,0.754716981,0.449438202
50,1280,0.754716981,0.449438202
50,1283,0.754716981,0.449438202
50,1298,0.754716981,0.449438202
50,1351,0.754716981,0.449438202
50,1380,0.754716981,0.449438202
50,1391,0.754716981,0.449438202
50,1392,0.754716981,0.449438202
50,1393,0.754716981,0.449438202
50,1394,0.754716981,0.449438202
50,1395,0.754716981,0.449438202
50,1419,0.754716981,0.449438202
50,1421,0.754716981,0.449438202
50,1422,0.754716981,0.449438202
50,1426,0.754716981,0.449438202
50,1430,0.754716981,0.449438202
50,1442,0.754716981,0.449438202
50,1448,0.754716981,0.449438202
52,38,0.045454545,0.333333333
52,65,0.045454545,0.333333333
52,72,0.045454545,0.333333333
52,75,0.045454545,0.333333333
52,190,0.045454545,0.333333333
52,191,0.045454545,0.333333333
52,194,0.045454545,0.333333333
52,382,0.045454545,0.333333333
52,452,0.045454545,0.333333333
52,586,0.045454545,0.333333333
52,603,0.045454545,0.333333333
52,810,0.045454545,0.333333333
52,883,0.045454545,0.333333333
52,986,0.045454545,0.333333333
52,1051,0.045454545,0.333333333
54,6,0.141176471,0.470588235
54,11,0.141176471,0.470588235
54,14,0.141176471,0.470588235
54,22,0.141176471,0.470588235
54,24,0.141176471,0.470588235
54,90,0.141176471,0.470588235
54,114,0.141176471,0.470588235
54,177,0.141176471,0.470588235
54,187,0.141176471,0.470588235
54,272,0.141176471,0.470588235
54,284,0.141176471,0.470588235
54,285,0.141176471,0.470588235
54,293,0.141176471,0.470588235
54,323,0.141176471,0.470588235
54,339,0.141176471,0.470588235
54,371,0.141176471,0.470588235
54,387,0.141176471,0.470588235
54,414,0.141176471,0.470588235
54,555,0.141176471,0.470588235
54,592,0.141176471,0.470588235
54,598,0.141176471,0.470588235
54,607,0.141176471,0.470588235
54,832,0.141176471,0.470588235
54,839,0.141176471,0.470588235
54,849,0.141176471,0.470588235
54,857,0.141176471,0.470588235
54,879,0.141176471,0.470588235
54,881,0.141176471,0.470588235
54,896,0.141176471,0.470588235
54,906,0.141176471,0.470588235
54,907,0.141176471,0.470588235
54,908,0.141176471,0.470588235
54,911,0.141176471,0.470588235
54,923,0.141176471,0.470588235
54,924,0.141176471,0.470588235
54,925,0.141176471,0.470588235
54,934,0.141176471,0.470588235
54,954,0.141176471,0.470588235
54,1022,0.141176471,0.470588235
54,1149,0.141176471,0.470588235
54,1166,0.141176471,0.470588235
54,1198,0.141176471,0.470588235
54,1236,0.141176471,0.470588235
54,1240,0.141176471,0.470588235
54,1242,0.141176471,0.470588235
54,1248,0.141176471,0.470588235
54,1356,0.141176471,0.470588235
54,1367,0.141176471,0.470588235
54,1404,0.141176471,0.470588235
54,1423,0.141176471,0.470588235
54,1457,0.141176471,0.470588235
55,65,0.021367521,0.277777778
55,72,0.021367521,0.277777778
55,75,0.021367521,0.277777778
55,190,0.021367521,0.277777778
55,191,0.021367521,0.277777778
55,194,0.021367521,0.277777778
55,382,0.021367521,0.277777778
55,452,0.021367521,0.277777778
55,586,0.021367521,0.277777778
55,603,0.021367521,0.277777778
55,608,0.021367521,0.277777778
55,696,0.021367521,0.277777778
55,806,0.021367521,0.277777778
55,810,0.021367521,0.277777778
55,828,0.021367521,0.277777778
55,883,0.021367521,0.277777778
55,986,0.021367521,0.277777778
55,1051,0.021367521,0.277777778
56,1,0.051724138,0.066666667
56,9,0.051724138,0.066666667
56,16,0.051724138,0.066666667
56,17,0.051724138,0.066666667
56,24,0.051724138,0.066666667
56,36,0.051724138,0.066666667
56,86,0.051724138,0.066666667
56,90,0.051724138,0.066666667
56,154,0.051724138,0.066666667
56,159,0.051724138,0.066666667
56,388,0.051724138,0.066666667
56,480,0.051724138,0.066666667
56,488,0.051724138,0.066666667
56,530,0.051724138,0.066666667
56,797,0.051724138,0.066666667
56,825,0.051724138,0.066666667
56,830,0.051724138,0.066666667
56,838,0.051724138,0.066666667
56,884,0.051724138,0.066666667
56,1066,0.051724138,0.066666667
56,1074,0.051724138,0.066666667
56,1075,0.051724138,0.066666667
56,1137,0.051724138,0.066666667
56,1140,0.051724138,0.066666667
56,1141,0.051724138,0.066666667
56,1170,0.051724138,0.066666667
56,1202,0.051724138,0.066666667
56,1215,0.051724138,0.066666667
56,1230,0.051724138,0.066666667
56,1231,0.051724138,0.066666667
56,1259,0.051724138,0.066666667
56,1265,0.051724138,0.066666667
56,1266,0.051724138,0.066666667
56,1280,0.051724138,0.066666667
56,1298,0.051724138,0.066666667
56,1351,0.051724138,0.066666667
56,1391,0.051724138,0.066666667
56,1392,0.051724138,0.066666667
56,1393,0.051724138,0.066666667
56,1394,0.051724138,0.066666667
56,1395,0.051724138,0.066666667
56,1419,0.051724138,0.066666667
56,1430,0.051724138,0.066666667
56,1442,0.051724138,0.066666667
56,1448,0.051724138,0.066666667
57,16,0.034482759,0.111111111
57,36,0.034482759,0.111111111
57,86,0.034482759,0.111111111
57,178,0.034482759,0.111111111
57,388,0.034482759,0.111111111
57,404,0.034482759,0.111111111
57,480,0.034482759,0.111111111
57,488,0.034482759,0.111111111
57,530,0.034482759,0.111111111
57,825,0.034482759,0.111111111
57,830,0.034482759,0.111111111
57,838,0.034482759,0.111111111
57,884,0.034482759,0.111111111
57,931,0.034482759,0.111111111
57,998,0.034482759,0.111111111
57,1216,0.034482759,0.111111111
57,1230,0.034482759,0.111111111
57,1259,0.034482759,0.111111111
58,10,0.064705882,0.239130435
58,11,0.064705882,0.239130435
58,12,0.064705882,0.239130435
58,80,0.064705882,0.239130435
58,92,0.064705882,0.239130435
58,95,0.064705882,0.239130435
58,96,0.064705882,0.239130435
58,119,0.064705882,0.239130435
58,122,0.064705882,0.239130435
58,126,0.064705882,0.239130435
58,136,0.064705882,0.239130435
58,140,0.064705882,0.239130435
58,141,0.064705882,0.239130435
58,159,0.064705882,0.239130435
58,211,0.064705882,0.239130435
58,214,0.064705882,0.239130435
58,218,0.064705882,0.239130435
58,348,0.064705882,0.239130435
58,375,0.064705882,0.239130435
58,376,0.064705882,0.239130435
58,481,0.064705882,0.239130435
58,528,0.064705882,0.239130435
58,529,0.064705882,0.239130435
58,654,0.064705882,0.239130435
58,846,0.064705882,0.239130435
58,850,0.064705882,0.239130435
58,852,0.064705882,0.239130435
58,854,0.064705882,0.239130435
58,885,0.064705882,0.239130435
58,913,0.064705882,0.239130435
58,947,0.064705882,0.239130435
58,955,0.064705882,0.239130435
58,997,0.064705882,0.239130435
58,1011,0.064705882,0.239130435
58,1013,0.064705882,0.239130435
58,1079,0.064705882,0.239130435
58,1146,0.064705882,0.239130435
58,1149,0.064705882,0.239130435
58,1171,0.064705882,0.239130435
58,1198,0.064705882,0.239130435
58,1252,0.064705882,0.239130435
58,1258,0.064705882,0.239130435
58,1303,0.064705882,0.239130435
58,1362,0.064705882,0.239130435
58,1365,0.064705882,0.239130435
58,1367,0.064705882,0.239130435
61,29,0.017094017,0.363636364
61,42,0.017094017,0.363636364
61,58,0.017094017,0.363636364
61,70,0.017094017,0.363636364
61,78,0.017094017,0.363636364
61,117,0.017094017,0.363636364
61,525,0.017094017,0.363636364
61,642,0.017094017,0.363636364
61,648,0.017094017,0.363636364
61,755,0.017094017,0.363636364
61,1158,0.017094017,0.363636364
62,54,0.009090909,0.083333333
62,81,0.009090909,0.083333333
62,319,0.009090909,0.083333333
62,430,0.009090909,0.083333333
62,443,0.009090909,0.083333333
62,445,0.009090909,0.083333333
62,447,0.009090909,0.083333333
62,449,0.009090909,0.083333333
62,455,0.009090909,0.083333333
62,464,0.009090909,0.083333333
62,745,0.009090909,0.083333333
62,1103,0.009090909,0.083333333
65,45,0,0
65,328,0,0
65,422,0,0
65,448,0,0
65,479,0,0
65,483,0,0
65,485,0,0
65,503,0,0
65,509,0,0
65,566,0,0
65,632,0,0
65,635,0,0
65,660,0,0
66,10,0.029411765,0.142857143
66,24,0.029411765,0.142857143
66,80,0.029411765,0.142857143
66,92,0.029411765,0.142857143
66,119,0.029411765,0.142857143
66,122,0.029411765,0.142857143
66,126,0.029411765,0.142857143
66,140,0.029411765,0.142857143
66,145,0.029411765,0.142857143
66,169,0.029411765,0.142857143
66,172,0.029411765,0.142857143
66,211,0.029411765,0.142857143
66,214,0.029411765,0.142857143
66,218,0.029411765,0.142857143
66,348,0.029411765,0.142857143
66,375,0.029411765,0.142857143
66,376,0.029411765,0.142857143
66,481,0.029411765,0.142857143
66,528,0.029411765,0.142857143
66,645,0.029411765,0.142857143
66,654,0.029411765,0.142857143
66,854,0.029411765,0.142857143
66,885,0.029411765,0.142857143
66,947,0.029411765,0.142857143
66,997,0.029411765,0.142857143
66,1013,0.029411765,0.142857143
66,1079,0.029411765,0.142857143
66,1121,0.029411765,0.142857143
66,1146,0.029411765,0.142857143
66,1171,0.029411765,0.142857143
66,1198,0.029411765,0.142857143
66,1252,0.029411765,0.142857143
66,1303,0.029411765,0.142857143
66,1362,0.029411765,0.142857143
66,1367,0.029411765,0.142857143
67,35,0.109090909,0.375
67,38,0.109090909,0.375
67,45,0.109090909,0.375
67,53,0.109090909,0.375
67,65,0.109090909,0.375
67,86,0.109090909,0.375
67,116,0.109090909,0.375
67,129,0.109090909,0.375
67,150,0.109090909,0.375
67,429,0.109090909,0.375
67,465,0.109090909,0.375
67,483,0.109090909,0.375
67,510,0.109090909,0.375
67,524,0.109090909,0.375
67,541,0.109090909,0.375
67,576,0.109090909,0.375
67,589,0.109090909,0.375
67,603,0.109090909,0.375
67,661,0.109090909,0.375
67,662,0.109090909,0.375
67,663,0.109090909,0.375
67,671,0.109090909,0.375
67,677,0.109090909,0.375
67,680,0.109090909,0.375
67,700,0.109090909,0.375
67,701,0.109090909,0.375
67,704,0.109090909,0.375
67,715,0.109090909,0.375
67,868,0.109090909,0.375
67,869,0.109090909,0.375
67,1162,0.109090909,0.375
67,1164,0.109090909,0.375
69,30,0.003257329,0.066666667
69,69,0.003257329,0.066666667
69,71,0.003257329,0.066666667
69,77,0.003257329,0.066666667
69,151,0.003257329,0.066666667
69,166,0.003257329,0.066666667
69,212,0.003257329,0.066666667
69,434,0.003257329,0.066666667
69,501,0.003257329,0.066666667
69,504,0.003257329,0.066666667
69,653,0.003257329,0.066666667
69,688,0.003257329,0.066666667
69,701,0.003257329,0.066666667
69,703,0.003257329,0.066666667
69,1163,0.003257329,0.066666667
71,19,0.154545455,0.62962963
71,30,0.154545455,0.62962963
71,34,0.154545455,0.62962963
71,38,0.154545455,0.62962963
71,51,0.154545455,0.62962963
71,52,0.154545455,0.62962963
71,53,0.154545455,0.62962963
71,69,0.154545455,0.62962963
71,71,0.154545455,0.62962963
71,150,0.154545455,0.62962963
71,174,0.154545455,0.62962963
71,175,0.154545455,0.62962963
71,329,0.154545455,0.62962963
71,421,0.154545455,0.62962963
71,446,0.154545455,0.62962963
71,480,0.154545455,0.62962963
71,499,0.154545455,0.62962963
71,517,0.154545455,0.62962963
71,566,0.154545455,0.62962963
71,571,0.154545455,0.62962963
71,666,0.154545455,0.62962963
71,680,0.154545455,0.62962963
71,715,0.154545455,0.62962963
71,769,0.154545455,0.62962963
71,1124,0.154545455,0.62962963
71,1131,0.154545455,0.62962963
71,1388,0.154545455,0.62962963
76,10,0.111764706,0.316666667
76,11,0.111764706,0.316666667
76,12,0.111764706,0.316666667
76,80,0.111764706,0.316666667
76,92,0.111764706,0.316666667
76,95,0.111764706,0.316666667
76,96,0.111764706,0.316666667
76,119,0.111764706,0.316666667
76,126,0.111764706,0.316666667
76,136,0.111764706,0.316666667
76,141,0.111764706,0.316666667
76,210,0.111764706,0.316666667
76,211,0.111764706,0.316666667
76,216,0.111764706,0.316666667
76,218,0.111764706,0.316666667
76,340,0.111764706,0.316666667
76,348,0.111764706,0.316666667
76,371,0.111764706,0.316666667
76,375,0.111764706,0.316666667
76,394,0.111764706,0.316666667
76,431,0.111764706,0.316666667
76,481,0.111764706,0.316666667
76,550,0.111764706,0.316666667
76,551,0.111764706,0.316666667
76,552,0.111764706,0.316666667
76,647,0.111764706,0.316666667
76,654,0.111764706,0.316666667
76,766,0.111764706,0.316666667
76,846,0.111764706,0.316666667
76,850,0.111764706,0.316666667
76,854,0.111764706,0.316666667
76,885,0.111764706,0.316666667
76,913,0.111764706,0.316666667
76,921,0.111764706,0.316666667
76,926,0.111764706,0.316666667
76,937,0.111764706,0.316666667
76,939,0.111764706,0.316666667
76,943,0.111764706,0.316666667
76,947,0.111764706,0.316666667
76,955,0.111764706,0.316666667
76,972,0.111764706,0.316666667
76,981,0.111764706,0.316666667
76,984,0.111764706,0.316666667
76,997,0.111764706,0.316666667
76,1011,0.111764706,0.316666667
76,1013,0.111764706,0.316666667
76,1146,0.111764706,0.316666667
76,1149,0.111764706,0.316666667
76,1171,0.111764706,0.316666667
76,1198,0.111764706,0.316666667
76,1236,0.111764706,0.316666667
76,1251,0.111764706,0.316666667
76,1252,0.111764706,0.316666667
76,1258,0.111764706,0.316666667
76,1303,0.111764706,0.316666667
76,1354,0.111764706,0.316666667
76,1362,0.111764706,0.316666667
76,1367,0.111764706,0.316666667
76,1390,0.111764706,0.316666667
76,1397,0.111764706,0.316666667
79,62,0.025641026,0.545454545
79,150,0.025641026,0.545454545
79,315,0.025641026,0.545454545
79,450,0.025641026,0.545454545
79,484,0.025641026,0.545454545
79,562,0.025641026,0.545454545
79,680,0.025641026,0.545454545
79,687,0.025641026,0.545454545
79,700,0.025641026,0.545454545
79,708,0.025641026,0.545454545
79,862,0.025641026,0.545454545
81,38,0.012820513,0.272727273
81,68,0.012820513,0.272727273
81,71,0.012820513,0.272727273
81,135,0.012820513,0.272727273
81,179,0.012820513,0.272727273
81,321,0.012820513,0.272727273
81,329,0.012820513,0.272727273
81,1118,0.012820513,0.272727273
81,1124,0.012820513,0.272727273
81,1323,0.012820513,0.272727273
81,1381,0.012820513,0.272727273
82,478,0.003257329,0.1
82,519,0.003257329,0.1
82,542,0.003257329,0.1
82,628,0.003257329,0.1
82,641,0.003257329,0.1
82,1073,0.003257329,0.1
82,1116,0.003257329,0.1
82,1125,0.003257329,0.1
82,1130,0.003257329,0.1
82,1175,0.003257329,0.1
84,28,0.025641026,0.545454545
84,49,0.025641026,0.545454545
84,72,0.025641026,0.545454545
84,319,0.025641026,0.545454545
84,445,0.025641026,0.545454545
84,447,0.025641026,0.545454545
84,449,0.025641026,0.545454545
84,483,0.025641026,0.545454545
84,484,0.025641026,0.545454545
84,652,0.025641026,0.545454545
84,1134,0.025641026,0.545454545
90,3,0.078175896,0.342857143
90,39,0.078175896,0.342857143
90,41,0.078175896,0.342857143
90,42,0.078175896,0.342857143
90,47,0.078175896,0.342857143
90,48,0.078175896,0.342857143
90,76,0.078175896,0.342857143
90,89,0.078175896,0.342857143
90,95,0.078175896,0.342857143
90,96,0.078175896,0.342857143
90,97,0.078175896,0.342857143
90,98,0.078175896,0.342857143
90,99,0.078175896,0.342857143
90,101,0.078175896,0.342857143
90,104,0.078175896,0.342857143
90,105,0.078175896,0.342857143
90,107,0.078175896,0.342857143
90,109,0.078175896,0.342857143
90,111,0.078175896,0.342857143
90,155,0.078175896,0.342857143
90,314,0.078175896,0.342857143
90,343,0.078175896,0.342857143
90,356,0.078175896,0.342857143
90,362,0.078175896,0.342857143
90,439,0.078175896,0.342857143
90,440,0.078175896,0.342857143
90,503,0.078175896,0.342857143
90,513,0.078175896,0.342857143
90,543,0.078175896,0.342857143
90,544,0.078175896,0.342857143
90,560,0.078175896,0.342857143
90,602,0.078175896,0.342857143
90,613,0.078175896,0.342857143
90,618,0.078175896,0.342857143
90,632,0.078175896,0.342857143
90,749,0.078175896,0.342857143
90,753,0.078175896,0.342857143
90,805,0.078175896,0.342857143
90,819,0.078175896,0.342857143
90,893,0.078175896,0.342857143
90,1030,0.078175896,0.342857143
90,1061,0.078175896,0.342857143
90,1062,0.078175896,0.342857143
90,1082,0.078175896,0.342857143
90,1083,0.078175896,0.342857143
90,1087,0.078175896,0.342857143
90,1128,0.078175896,0.342857143
90,1135,0.078175896,0.342857143
90,1168,0.078175896,0.342857143
90,1235,0.078175896,0.342857143
90,1273,0.078175896,0.342857143
90,1274,0.078175896,0.342857143
90,1278,0.078175896,0.342857143
90,1279,0.078175896,0.342857143
90,1285,0.078175896,0.342857143
90,1287,0.078175896,0.342857143
90,1289,0.078175896,0.342857143
90,1300,0.078175896,0.342857143
90,1301,0.078175896,0.342857143
90,1302,0.078175896,0.342857143
90,1304,0.078175896,0.342857143
90,1312,0.078175896,0.342857143
90,1313,0.078175896,0.342857143
90,1335,0.078175896,0.342857143
90,1338,0.078175896,0.342857143
90,1341,0.078175896,0.342857143
90,1344,0.078175896,0.342857143
90,1346,0.078175896,0.342857143
90,1380,0.078175896,0.342857143
90,1444,0.078175896,0.342857143
92,37,0.013029316,0.105263158
92,40,0.013029316,0.105263158
92,83,0.013029316,0.105263158
92,125,0.013029316,0.105263158
92,127,0.013029316,0.105263158
92,129,0.013029316,0.105263158
92,145,0.013029316,0.105263158
92,241,0.013029316,0.105263158
92,252,0.013029316,0.105263158
92,310,0.013029316,0.105263158
92,330,0.013029316,0.105263158
92,357,0.013029316,0.105263158
92,375,0.013029316,0.105263158
92,442,0.013029316,0.105263158
92,491,0.013029316,0.105263158
92,507,0.013029316,0.105263158
92,520,0.013029316,0.105263158
92,529,0.013029316,0.105263158
92,604,0.013029316,0.105263158
92,623,0.013029316,0.105263158
92,631,0.013029316,0.105263158
92,741,0.013029316,0.105263158
92,813,0.013029316,0.105263158
92,822,0.013029316,0.105263158
92,878,0.013029316,0.105263158
92,882,0.013029316,0.105263158
92,921,0.013029316,0.105263158
92,1076,0.013029316,0.105263158
92,1078,0.013029316,0.105263158
92,1104,0.013029316,0.105263158
92,1105,0.013029316,0.105263158
92,1112,0.013029316,0.105263158
92,1368,0.013029316,0.105263158
92,1370,0.013029316,0.105263158
92,1375,0.013029316,0.105263158
92,1376,0.013029316,0.105263158
92,1377,0.013029316,0.105263158
92,1396,0.013029316,0.105263158
95,54,0.012820513,0.272727273
95,319,0.012820513,0.272727273
95,430,0.012820513,0.272727273
95,443,0.012820513,0.272727273
95,445,0.012820513,0.272727273
95,447,0.012820513,0.272727273
95,449,0.012820513,0.272727273
95,455,0.012820513,0.272727273
95,464,0.012820513,0.272727273
95,745,0.012820513,0.272727273
95,810,0.012820513,0.272727273
96,319,0.008547009,0.222222222
96,430,0.008547009,0.222222222
96,443,0.008547009,0.222222222
96,445,0.008547009,0.222222222
96,447,0.008547009,0.222222222
96,449,0.008547009,0.222222222
96,455,0.008547009,0.222222222
96,464,0.008547009,0.222222222
96,745,0.008547009,0.222222222
97,54,0.008547009,0.333333333
97,531,0.008547009,0.333333333
97,790,0.008547009,0.333333333
97,810,0.008547009,0.333333333
97,824,0.008547009,0.333333333
97,895,0.008547009,0.333333333
98,90,0.102564103,0.827586207
98,124,0.102564103,0.827586207
98,378,0.102564103,0.827586207
98,416,0.102564103,0.827586207
98,451,0.102564103,0.827586207
98,475,0.102564103,0.827586207
98,484,0.102564103,0.827586207
98,495,0.102564103,0.827586207
98,508,0.102564103,0.827586207
98,512,0.102564103,0.827586207
98,528,0.102564103,0.827586207
98,546,0.102564103,0.827586207
98,567,0.102564103,0.827586207
98,579,0.102564103,0.827586207
98,593,0.102564103,0.827586207
98,594,0.102564103,0.827586207
98,606,0.102564103,0.827586207
98,611,0.102564103,0.827586207
98,626,0.102564103,0.827586207
98,637,0.102564103,0.827586207
98,642,0.102564103,0.827586207
98,779,0.102564103,0.827586207
98,796,0.102564103,0.827586207
98,809,0.102564103,0.827586207
98,1035,0.102564103,0.827586207
98,1079,0.102564103,0.827586207
98,1366,0.102564103,0.827586207
98,1368,0.102564103,0.827586207
98,1375,0.102564103,0.827586207
99,27,0.106837607,0.735294118
99,65,0.106837607,0.735294118
99,74,0.106837607,0.735294118
99,90,0.106837607,0.735294118
99,124,0.106837607,0.735294118
99,134,0.106837607,0.735294118
99,137,0.106837607,0.735294118
99,139,0.106837607,0.735294118
99,147,0.106837607,0.735294118
99,378,0.106837607,0.735294118
99,416,0.106837607,0.735294118
99,451,0.106837607,0.735294118
99,484,0.106837607,0.735294118
99,508,0.106837607,0.735294118
99,512,0.106837607,0.735294118
99,528,0.106837607,0.735294118
99,546,0.106837607,0.735294118
99,567,0.106837607,0.735294118
99,579,0.106837607,0.735294118
99,593,0.106837607,0.735294118
99,594,0.106837607,0.735294118
99,606,0.106837607,0.735294118
99,611,0.106837607,0.735294118
99,626,0.106837607,0.735294118
99,637,0.106837607,0.735294118
99,648,0.106837607,0.735294118
99,658,0.106837607,0.735294118
99,779,0.106837607,0.735294118
99,796,0.106837607,0.735294118
99,1035,0.106837607,0.735294118
99,1079,0.106837607,0.735294118
99,1366,0.106837607,0.735294118
99,1368,0.106837607,0.735294118
99,1375,0.106837607,0.735294118
100,13,0.012820513,0.166666667
100,24,0.012820513,0.166666667
100,138,0.012820513,0.166666667
100,180,0.012820513,0.166666667
100,232,0.012820513,0.166666667
100,376,0.012820513,0.166666667
100,672,0.012820513,0.166666667
100,682,0.012820513,0.166666667
100,861,0.012820513,0.166666667
100,863,0.012820513,0.166666667
100,880,0.012820513,0.166666667
100,892,0.012820513,0.166666667
100,1014,0.012820513,0.166666667
100,1057,0.012820513,0.166666667
100,1058,0.012820513,0.166666667
100,1059,0.012820513,0.166666667
100,1229,0.012820513,0.166666667
100,1371,0.012820513,0.166666667
101,1204,0,0
102,19,0.154545455,0.708333333
102,44,0.154545455,0.708333333
102,51,0.154545455,0.708333333
102,69,0.154545455,0.708333333
102,77,0.154545455,0.708333333
102,79,0.154545455,0.708333333
102,146,0.154545455,0.708333333
102,149,0.154545455,0.708333333
102,175,0.154545455,0.708333333
102,176,0.154545455,0.708333333
102,446,0.154545455,0.708333333
102,489,0.154545455,0.708333333
102,531,0.154545455,0.708333333
102,562,0.154545455,0.708333333
102,643,0.154545455,0.708333333
102,644,0.154545455,0.708333333
102,649,0.154545455,0.708333333
102,659,0.154545455,0.708333333
102,660,0.154545455,0.708333333
102,708,0.154545455,0.708333333
102,790,0.154545455,0.708333333
102,812,0.154545455,0.708333333
102,824,0.154545455,0.708333333
102,894,0.154545455,0.708333333
104,19,0.054545455,0.545454545
104,26,0.054545455,0.545454545
104,28,0.054545455,0.545454545
104,53,0.054545455,0.545454545
104,176,0.054545455,0.545454545
104,562,0.054545455,0.545454545
104,644,0.054545455,0.545454545
104,659,0.054545455,0.545454545
104,1103,0.054545455,0.545454545
104,1126,0.054545455,0.545454545
104,1134,0.054545455,0.545454545
109,3,0.081433225,0.352112676
109,39,0.081433225,0.352112676
109,41,0.081433225,0.352112676
109,42,0.081433225,0.352112676
109,47,0.081433225,0.352112676
109,48,0.081433225,0.352112676
109,66,0.081433225,0.352112676
109,76,0.081433225,0.352112676
109,88,0.081433225,0.352112676
109,89,0.081433225,0.352112676
109,95,0.081433225,0.352112676
109,96,0.081433225,0.352112676
109,97,0.081433225,0.352112676
109,102,0.081433225,0.352112676
109,103,0.081433225,0.352112676
109,104,0.081433225,0.352112676
109,105,0.081433225,0.352112676
109,107,0.081433225,0.352112676
109,108,0.081433225,0.352112676
109,109,0.081433225,0.352112676
109,111,0.081433225,0.352112676
109,112,0.081433225,0.352112676
109,113,0.081433225,0.352112676
109,155,0.081433225,0.352112676
109,314,0.081433225,0.352112676
109,343,0.081433225,0.352112676
109,356,0.081433225,0.352112676
109,362,0.081433225,0.352112676
109,439,0.081433225,0.352112676
109,440,0.081433225,0.352112676
109,503,0.081433225,0.352112676
109,513,0.081433225,0.352112676
109,543,0.081433225,0.352112676
109,544,0.081433225,0.352112676
109,560,0.081433225,0.352112676
109,602,0.081433225,0.352112676
109,613,0.081433225,0.352112676
109,618,0.081433225,0.352112676
109,632,0.081433225,0.352112676
109,749,0.081433225,0.352112676
109,753,0.081433225,0.352112676
109,819,0.081433225,0.352112676
109,893,0.081433225,0.352112676
109,1030,0.081433225,0.352112676
109,1061,0.081433225,0.352112676
109,1062,0.081433225,0.352112676
109,1087,0.081433225,0.352112676
109,1128,0.081433225,0.352112676
109,1135,0.081433225,0.352112676
109,1168,0.081433225,0.352112676
109,1235,0.081433225,0.352112676
109,1273,0.081433225,0.352112676
109,1274,0.081433225,0.352112676
109,1278,0.081433225,0.352112676
109,1279,0.081433225,0.352112676
109,1285,0.081433225,0.352112676
109,1287,0.081433225,0.352112676
109,1289,0.081433225,0.352112676
109,1300,0.081433225,0.352112676
109,1301,0.081433225,0.352112676
109,1302,0.081433225,0.352112676
109,1304,0.081433225,0.352112676
109,1312,0.081433225,0.352112676
109,1313,0.081433225,0.352112676
109,1335,0.081433225,0.352112676
109,1338,0.081433225,0.352112676
109,1341,0.081433225,0.352112676
109,1344,0.081433225,0.352112676
109,1346,0.081433225,0.352112676
109,1380,0.081433225,0.352112676
109,1444,0.081433225,0.352112676
111,328,0.009090909,0.166666667
111,422,0.009090909,0.166666667
111,448,0.009090909,0.166666667
111,485,0.009090909,0.166666667
111,503,0.009090909,0.166666667
111,509,0.009090909,0.166666667
